averageSpeed,highestStreak,untradedDeaths,tradedDeaths,damageTaken,damageHealed,tacticalsUsed,lethalsUsed,percentTimeMoving,deadSilenceTime,totalKills,totalDeaths,totalAssists,totalScore,totalShotsFired,totalShotsHit,totalShotsHead,untradedKills,tradedKills,totalDamageDealt,friendDamage,totalTimeAlive,totalDistanceTraveled,hillTime,contestedHillTime,totalInVictimFovKills,totalFirstBloodKills,totalLongshotKills,totalPointblankKills,totalRevengeKills,totalRotationKills,totalInAttackerFovKills,totalWallbangKills,killDeathRatio,winner
1.842649841308593,5.0,14.0,7.0,24.02,2.96,15.0,12.0,96.0,72.0,23.0,21.0,8.0,35.25,3.29,1.01,10.0,15.0,8.0,26.65,100.0,4711.36,718.176640625,35.0,6.0,17.0,0.0,0.0,1.0,6.0,2.0,24.0,1.0,1.1,1
1.801462554931641,3.0,15.0,6.0,28.03,6.73,12.0,11.0,95.0,0.0,20.0,21.0,13.0,30.75,3.93,1.1,13.0,11.0,9.0,32.02,11.0,4830.56,633.10171875,44.0,1.0,15.0,1.0,1.0,0.0,2.0,4.0,20.0,2.0,0.95,0
2.0782501220703127,2.0,16.0,8.0,31.21,3.61,18.0,16.0,97.0,98.0,15.0,24.0,16.0,38.0,3.11,86.0,9.0,11.0,4.0,23.77,0.0,4548.8,692.21734375,80.0,9.0,13.0,0.0,1.0,1.0,6.0,2.0,15.0,0.0,0.63,1
1.701553497314453,3.0,12.0,10.0,26.72,4.46,18.0,16.0,91.0,0.0,17.0,22.0,11.0,34.85,4.1,72.0,14.0,11.0,6.0,21.33,32.0,4638.88,574.903125,74.0,14.0,13.0,0.0,1.0,0.0,4.0,5.0,17.0,1.0,0.77,0
1.566633758544922,4.0,11.0,6.0,25.09,6.9,14.0,10.0,92.0,0.0,23.0,17.0,7.0,39.45,3.29,1.08,13.0,21.0,3.0,29.43,51.0,4870.4,542.077421875,73.0,11.0,18.0,0.0,1.0,0.0,4.0,6.0,25.0,1.0,1.35,1
1.855322723388672,3.0,17.0,5.0,28.26,4.86,17.0,15.0,96.0,1.63,22.0,21.0,3.0,38.3,2.97,93.0,15.0,18.0,4.0,24.57,81.0,4884.16,691.4040625,48.0,11.0,19.0,0.0,1.0,0.0,5.0,7.0,22.0,1.0,1.05,0
1.6972608947753909,4.0,12.0,8.0,24.85,4.62,17.0,15.0,96.0,0.0,27.0,20.0,7.0,48.55,4.69,1.16,10.0,20.0,7.0,31.07,1.42,4856.96,595.628359375,1.05,11.0,22.0,0.0,0.0,1.0,5.0,7.0,28.0,4.0,1.35,1
1.972625732421875,4.0,23.0,1.0,30.67,6.67,17.0,12.0,96.0,64.0,23.0,24.0,5.0,43.0,3.59,1.03,9.0,13.0,10.0,24.32,1.52,4705.76,712.495703125,75.0,10.0,20.0,0.0,0.0,1.0,5.0,7.0,23.0,1.0,0.96,0
1.9486260986328128,4.0,21.0,8.0,31.9,1.82,19.0,13.0,95.0,57.0,26.0,29.0,7.0,39.6,3.6,1.2,7.0,19.0,7.0,30.03,1.0,4166.72,669.48484375,36.0,4.0,18.0,0.0,0.0,1.0,9.0,8.0,26.0,2.0,0.9,1
1.5094792175292968,7.0,8.0,9.0,24.71,7.15,9.0,9.0,94.0,0.0,29.0,17.0,12.0,37.3,4.84,1.19,9.0,23.0,6.0,32.19,1.0,5105.76,520.8045703125,8.0,1.0,23.0,0.0,1.0,1.0,5.0,7.0,27.0,2.0,1.71,0
1.7720806884765623,4.0,21.0,6.0,29.86,2.86,18.0,16.0,93.0,1.89,29.0,27.0,7.0,42.05,4.78,1.47,14.0,17.0,12.0,37.59,71.0,4492.96,593.5562109375,48.0,2.0,27.0,0.0,0.0,0.0,7.0,7.0,30.0,0.0,1.07,1
1.6310037231445311,5.0,13.0,9.0,24.79,2.79,15.0,13.0,91.0,0.0,24.0,22.0,11.0,39.7,4.61,1.01,10.0,18.0,6.0,28.46,29.0,4878.08,550.223125,52.0,2.0,21.0,0.0,0.0,0.0,4.0,5.0,24.0,1.0,1.09,0
1.4950869750976563,4.0,12.0,9.0,25.49,4.49,13.0,13.0,89.0,0.0,18.0,21.0,10.0,42.75,2.91,91.0,5.0,13.0,5.0,24.0,31.0,4954.72,430.8703125,1.34,4.0,16.0,0.0,2.0,0.0,4.0,3.0,18.0,2.0,0.86,1
1.770663299560547,4.0,17.0,10.0,32.41,4.63,16.0,16.0,96.0,75.0,16.0,27.0,11.0,37.75,3.31,91.0,11.0,11.0,5.0,22.12,1.0,4642.72,596.6149609375,90.0,6.0,13.0,0.0,0.0,0.0,3.0,1.0,16.0,1.0,0.59,0
1.649294891357422,3.0,19.0,2.0,25.04,4.04,20.0,18.0,92.0,0.0,18.0,21.0,6.0,30.8,3.31,82.0,9.0,9.0,9.0,22.26,1.0,4703.52,568.5211328125,53.0,9.0,16.0,0.0,0.0,0.0,6.0,3.0,18.0,0.0,0.86,1
1.960287628173828,5.0,20.0,5.0,32.66,5.7,15.0,13.0,97.0,62.0,29.0,25.0,9.0,44.2,4.16,1.21,11.0,21.0,8.0,28.48,38.0,4722.4,729.404453125,52.0,7.0,24.0,1.0,1.0,1.0,6.0,6.0,29.0,2.0,1.16,0
2.1962712097167967,3.0,19.0,9.0,35.06,6.06,18.0,16.0,97.0,78.0,31.0,28.0,7.0,49.1,5.09,1.54,16.0,18.0,14.0,37.05,0.0,5624.96,933.766953125,56.0,1.0,25.0,0.0,2.0,1.0,9.0,4.0,32.0,0.0,1.11,1
2.1922821044921874,4.0,20.0,11.0,35.25,4.25,16.0,12.0,95.0,1.33,25.0,30.0,6.0,29.85,3.75,1.16,11.0,14.0,11.0,30.43,0.0,5863.68,965.76546875,11.0,0.0,21.0,0.0,1.0,0.0,5.0,5.0,25.0,0.0,0.83,0
1.728665313720703,4.0,14.0,8.0,28.46,5.32,18.0,16.0,97.0,0.0,27.0,22.0,7.0,38.5,4.01,1.08,9.0,19.0,8.0,29.94,36.0,6305.44,749.15703125,61.0,1.0,23.0,0.0,2.0,0.0,1.0,7.0,28.0,0.0,1.23,1
1.760068359375,4.0,18.0,8.0,34.51,7.65,15.0,13.0,93.0,0.0,31.0,26.0,8.0,56.15,5.25,1.3,16.0,21.0,10.0,35.31,0.0,6129.12,733.18359375,95.0,5.0,25.0,0.0,4.0,0.0,9.0,6.0,31.0,2.0,1.19,0
1.9218074035644528,3.0,15.0,11.0,32.62,5.94,22.0,21.0,97.0,1.22,20.0,26.0,10.0,48.3,3.95,95.0,6.0,16.0,4.0,25.42,1.0,5748.64,891.16,1.03,4.0,16.0,0.0,0.0,1.0,4.0,3.0,20.0,0.0,0.77,1
2.001759796142578,3.0,18.0,9.0,31.9,4.3,22.0,21.0,97.0,1.47,30.0,27.0,9.0,54.85,3.9,1.35,12.0,19.0,11.0,35.5,73.0,5940.16,917.7646875,86.0,4.0,26.0,1.0,0.0,1.0,10.0,2.0,29.0,0.0,1.11,0
1.7288351440429688,3.0,21.0,8.0,36.5,5.79,13.0,18.0,92.0,0.0,34.0,29.0,9.0,51.3,5.27,32.0,14.0,20.0,14.0,44.87,30.0,5985.28,769.777734375,48.0,2.0,30.0,0.0,1.0,0.0,8.0,9.0,34.0,2.0,1.17,1
2.116336364746093,3.0,17.0,12.0,36.96,6.38,24.0,21.0,95.0,0.0,19.0,29.0,14.0,32.9,3.31,1.05,9.0,15.0,4.0,30.73,61.0,5921.92,833.697890625,32.0,0.0,14.0,0.0,0.0,0.0,3.0,3.0,19.0,2.0,0.66,0
2.0172134399414063,4.0,25.0,8.0,38.25,5.01,21.0,16.0,98.0,1.43,26.0,33.0,8.0,38.9,5.64,1.53,12.0,16.0,10.0,35.41,36.0,5183.84,843.388671875,44.0,3.0,23.0,0.0,0.0,0.0,8.0,6.0,27.0,0.0,0.79,1
2.0174908447265625,4.0,25.0,6.0,35.98,4.98,16.0,15.0,94.0,91.0,25.0,31.0,9.0,31.8,3.85,1.22,9.0,14.0,11.0,27.55,20.0,5396.96,867.55015625,13.0,1.0,19.0,0.0,1.0,1.0,3.0,5.0,25.0,0.0,0.81,0
1.8008468627929688,7.0,14.0,13.0,32.98,3.97,18.0,17.0,95.0,0.0,33.0,27.0,10.0,57.5,4.71,1.28,16.0,28.0,5.0,34.83,1.3,5253.6,670.0903125,1.17,0.0,24.0,0.0,3.0,0.0,7.0,3.0,32.0,1.0,1.22,1
1.569055938720703,6.0,21.0,3.0,32.19,8.19,14.0,17.0,93.0,0.0,37.0,24.0,8.0,54.05,4.69,1.39,11.0,24.0,13.0,39.21,0.0,5697.28,609.5925390625,57.0,3.0,31.0,0.0,0.0,1.0,6.0,6.0,36.0,4.0,1.54,0
1.9233769226074215,5.0,16.0,18.0,37.1,2.4,17.0,16.0,97.0,75.0,23.0,34.0,13.0,47.15,4.16,1.06,13.0,18.0,5.0,28.58,1.0,5143.04,799.733671875,89.0,5.0,19.0,0.0,0.0,1.0,5.0,3.0,23.0,1.0,0.68,1
1.8689215087890625,3.0,24.0,8.0,37.56,4.64,26.0,24.0,97.0,1.24,35.0,32.0,15.0,55.85,5.62,1.79,18.0,20.0,15.0,44.67,1.0,5352.0,731.262578125,56.0,2.0,28.0,0.0,0.0,0.0,11.0,10.0,35.0,1.0,1.09,0
1.705814971923828,6.0,14.0,13.0,35.51,7.71,9.0,14.0,95.0,0.0,38.0,27.0,11.0,51.9,5.18,26.0,16.0,31.0,7.0,44.71,96.0,5604.8,702.075625,30.0,0.0,36.0,0.0,1.0,2.0,4.0,8.0,37.0,1.0,1.41,1
1.916314849853516,4.0,23.0,10.0,38.63,5.63,19.0,16.0,95.0,0.0,24.0,33.0,12.0,47.5,3.66,1.12,8.0,11.0,13.0,29.78,62.0,5298.08,713.456640625,86.0,3.0,20.0,1.0,0.0,0.0,9.0,5.0,24.0,0.0,0.73,0
1.5532318115234376,4.0,11.0,5.0,20.73,3.87,13.0,11.0,98.0,0.0,18.0,16.0,7.0,26.3,2.96,79.0,13.0,14.0,4.0,20.83,1.0,4708.8,497.87421875,38.0,0.0,16.0,0.0,2.0,0.0,5.0,3.0,18.0,1.0,1.13,1
1.8927581787109369,2.0,19.0,4.0,24.58,1.58,13.0,8.0,93.0,0.0,12.0,23.0,6.0,20.25,2.42,59.0,7.0,6.0,6.0,16.36,1.0,4096.64,583.6929296875,18.0,2.0,10.0,0.0,1.0,0.0,2.0,1.0,12.0,1.0,0.52,0
1.941874542236328,3.0,14.0,7.0,23.76,90.0,12.0,11.0,95.0,73.0,16.0,21.0,10.0,31.35,2.85,94.0,10.0,9.0,7.0,24.1,42.0,4358.72,622.865,66.0,2.0,11.0,0.0,2.0,0.0,3.0,5.0,16.0,0.0,0.76,1
2.0703446960449217,3.0,18.0,7.0,28.67,2.67,11.0,8.0,98.0,72.0,21.0,25.0,6.0,29.95,2.8,100.0,8.0,14.0,7.0,25.76,0.0,4127.2,656.659453125,12.0,3.0,18.0,0.0,1.0,1.0,5.0,7.0,21.0,1.0,0.84,0
1.5330583190917968,7.0,7.0,7.0,18.16,4.16,8.0,9.0,93.0,1.29,28.0,13.0,7.0,50.0,3.01,96.0,15.0,24.0,4.0,26.52,0.0,4832.64,526.2533203125,1.2,4.0,23.0,1.0,1.0,0.0,6.0,7.0,27.0,1.0,2.15,1
1.8396435546875,3.0,20.0,3.0,25.4,2.4,16.0,16.0,91.0,0.0,16.0,23.0,2.0,26.8,2.47,59.0,7.0,11.0,5.0,17.43,77.0,4233.12,538.295859375,56.0,0.0,14.0,0.0,2.0,0.0,3.0,3.0,17.0,0.0,0.7,0
1.5242607116699218,5.0,9.0,4.0,21.19,8.18,13.0,11.0,94.0,0.0,29.0,13.0,6.0,42.8,3.0,93.0,15.0,27.0,2.0,28.34,91.0,4735.68,509.7073046875,60.0,3.0,22.0,0.0,5.0,0.0,4.0,5.0,28.0,0.0,2.23,1
1.558885040283203,3.0,17.0,3.0,22.74,2.74,8.0,8.0,92.0,74.0,14.0,20.0,5.0,25.75,2.66,84.0,12.0,10.0,5.0,22.95,82.0,4215.84,524.0780078125,40.0,2.0,15.0,0.0,0.0,0.0,4.0,4.0,15.0,1.0,0.7,0
1.5640771484375,7.0,16.0,8.0,29.91,5.45,20.0,20.0,95.0,0.0,32.0,24.0,8.0,46.6,4.1,1.31,8.0,22.0,10.0,35.76,85.0,5165.44,564.2580859375,51.0,1.0,24.0,0.0,2.0,0.0,8.0,9.0,32.0,2.0,1.33,1
1.5040916442871093,3.0,22.0,6.0,31.7,2.82,16.0,20.0,93.0,0.0,22.0,28.0,6.0,41.4,3.94,1.04,16.0,15.0,7.0,30.19,87.0,5118.24,542.6986328125,71.0,2.0,17.0,0.0,2.0,1.0,3.0,3.0,22.0,2.0,0.79,0
1.824053649902344,5.0,13.0,13.0,33.37,6.03,14.0,14.0,96.0,1.09,26.0,26.0,9.0,38.35,4.58,1.28,12.0,19.0,7.0,32.98,0.0,5081.44,748.618359375,31.0,6.0,20.0,0.0,0.0,1.0,5.0,4.0,26.0,0.0,1.0,1
1.816910858154297,3.0,20.0,8.0,34.85,6.85,19.0,16.0,93.0,82.0,29.0,28.0,7.0,44.5,4.26,1.32,16.0,16.0,13.0,31.29,2.0,5183.84,694.4878125,60.0,1.0,24.0,0.0,1.0,0.0,4.0,7.0,29.0,3.0,1.04,0
1.952928161621093,4.0,18.0,10.0,33.26,5.26,20.0,14.0,94.0,1.42,26.0,28.0,7.0,41.85,4.19,1.21,13.0,15.0,11.0,28.12,0.0,5168.8,785.003046875,66.0,3.0,21.0,0.0,1.0,0.0,5.0,5.0,26.0,1.0,0.93,1
1.6434010314941403,3.0,17.0,8.0,29.11,4.11,21.0,22.0,90.0,0.0,18.0,25.0,7.0,35.05,3.56,90.0,10.0,14.0,4.0,25.35,61.0,5332.0,629.33296875,80.0,5.0,17.0,1.0,1.0,0.0,5.0,6.0,18.0,1.0,0.72,0
1.6105270385742188,6.0,14.0,5.0,26.35,6.09,18.0,16.0,91.0,0.0,26.0,19.0,10.0,48.55,3.54,1.04,16.0,21.0,5.0,31.07,38.0,5290.56,620.8553125,1.26,0.0,19.0,0.0,0.0,0.0,5.0,8.0,24.0,1.0,1.37,1
1.8750860595703125,3.0,18.0,11.0,33.78,4.78,15.0,16.0,95.0,1.14,28.0,29.0,8.0,36.65,4.19,1.36,21.0,16.0,12.0,34.83,1.0,5116.48,751.939921875,24.0,1.0,23.0,0.0,0.0,1.0,6.0,5.0,27.0,1.0,0.97,0
1.653386993408203,3.0,15.0,3.0,22.36,4.06,17.0,15.0,91.0,0.0,18.0,18.0,8.0,28.6,4.44,98.0,5.0,16.0,2.0,26.48,89.0,5149.28,555.119140625,31.0,0.0,12.0,0.0,1.0,0.0,6.0,3.0,18.0,0.0,1.0,0
2.2275765991210927,4.0,18.0,6.0,29.63,4.39,13.0,13.0,97.0,45.0,26.0,24.0,9.0,42.1,3.71,1.14,10.0,17.0,9.0,28.78,0.0,4949.28,805.018125,51.0,8.0,22.0,0.0,2.0,0.0,6.0,4.0,26.0,0.0,1.08,1
1.901309051513672,3.0,13.0,9.0,29.82,7.18,19.0,16.0,97.0,1.18,20.0,22.0,8.0,36.3,2.73,74.0,15.0,13.0,7.0,22.46,1.0,4960.48,643.00046875,53.0,11.0,18.0,1.0,0.0,0.0,5.0,3.0,19.0,1.0,0.91,0
1.5017611694335935,4.0,14.0,3.0,21.42,4.42,13.0,12.0,94.0,0.0,17.0,17.0,8.0,37.6,3.98,96.0,8.0,14.0,3.0,25.61,34.0,5363.36,520.8845703125,1.01,1.0,15.0,0.0,2.0,1.0,4.0,5.0,17.0,3.0,1.0,1
2.068104705810547,4.0,20.0,5.0,33.4,5.6,20.0,16.0,93.0,1.19,26.0,25.0,11.0,46.25,3.39,1.14,9.0,19.0,7.0,29.31,73.0,4713.92,666.401484375,50.0,9.0,24.0,0.0,0.0,1.0,6.0,8.0,26.0,0.0,1.04,0
2.018087921142578,4.0,14.0,11.0,31.45,5.47,17.0,17.0,98.0,74.0,22.0,25.0,15.0,43.3,3.87,1.12,13.0,15.0,7.0,29.85,70.0,4596.16,717.76984375,63.0,9.0,16.0,0.0,0.0,1.0,5.0,8.0,22.0,1.0,0.88,1
2.0136383056640623,6.0,22.0,7.0,32.98,3.97,25.0,22.0,97.0,0.0,22.0,29.0,5.0,31.05,3.1,1.03,6.0,13.0,9.0,29.34,100.0,4646.88,598.0744921875,40.0,3.0,17.0,0.0,1.0,0.0,5.0,4.0,22.0,1.0,0.76,0
1.6923403930664065,6.0,15.0,5.0,27.42,7.16,7.0,11.0,92.0,0.0,29.0,20.0,3.0,39.95,3.98,26.0,9.0,24.0,5.0,31.69,1.29,4819.52,594.66921875,66.0,5.0,29.0,0.0,0.0,0.0,3.0,3.0,29.0,2.0,1.45,1
1.6577537536621094,5.0,14.0,6.0,28.75,8.21,16.0,15.0,92.0,0.0,26.0,20.0,10.0,46.4,4.08,1.2,5.0,19.0,7.0,29.91,1.0,5285.44,588.87484375,89.0,2.0,19.0,0.0,1.0,0.0,3.0,5.0,26.0,4.0,1.3,0
1.984337158203125,5.0,23.0,4.0,29.87,2.87,17.0,9.0,99.0,53.0,19.0,27.0,7.0,31.5,3.8,1.05,13.0,14.0,5.0,26.23,0.0,4786.88,692.751328125,40.0,3.0,17.0,0.0,0.0,0.0,3.0,4.0,19.0,1.0,0.7,1
1.837127838134765,10.0,18.0,5.0,30.13,6.81,14.0,15.0,98.0,1.2,28.0,23.0,7.0,41.4,3.21,1.21,9.0,25.0,3.0,30.73,0.0,4992.96,695.64828125,49.0,0.0,21.0,0.0,0.0,0.0,6.0,3.0,28.0,0.0,1.22,0
1.6621592712402344,4.0,16.0,6.0,28.07,5.61,12.0,10.0,98.0,0.0,24.0,22.0,4.0,40.35,3.69,1.04,10.0,16.0,8.0,28.63,0.0,4946.88,575.6534765625,1.06,2.0,20.0,0.0,1.0,0.0,6.0,4.0,24.0,2.0,1.09,1
1.923914337158203,5.0,16.0,10.0,29.7,3.4,23.0,12.0,92.0,84.0,24.0,26.0,14.0,37.8,4.56,1.33,17.0,15.0,9.0,30.37,2.0,4966.88,682.330703125,33.0,0.0,22.0,0.0,0.0,0.0,2.0,9.0,24.0,1.0,0.92,0
1.8327043151855469,4.0,18.0,4.0,28.43,5.58,16.0,14.0,98.0,97.0,25.0,22.0,7.0,39.85,3.71,1.06,11.0,18.0,7.0,26.52,1.0,4692.8,699.794609375,61.0,0.0,21.0,0.0,0.0,0.0,8.0,5.0,25.0,0.0,1.14,1
1.4230226135253907,4.0,11.0,9.0,25.97,5.67,19.0,17.0,94.0,0.0,23.0,20.0,10.0,39.45,3.65,1.02,14.0,19.0,4.0,30.52,0.0,5246.56,567.8986328125,59.0,3.0,19.0,0.0,1.0,1.0,6.0,6.0,23.0,0.0,1.15,0
1.6873751831054689,3.0,21.0,9.0,35.17,5.07,8.0,7.0,90.0,0.0,21.0,30.0,8.0,41.3,4.67,20.0,15.0,11.0,10.0,33.14,0.0,4717.12,541.835703125,74.0,0.0,18.0,1.0,0.0,0.0,4.0,6.0,21.0,1.0,0.7,1
1.7955119323730468,5.0,19.0,3.0,27.47,5.47,19.0,13.0,92.0,0.0,24.0,22.0,7.0,46.15,3.31,1.12,12.0,13.0,11.0,29.17,32.0,5588.64,720.4878125,1.25,8.0,18.0,0.0,1.0,0.0,4.0,5.0,20.0,2.0,1.09,1
2.0921453857421874,3.0,19.0,11.0,35.38,4.8,15.0,14.0,94.0,88.0,22.0,30.0,13.0,31.75,3.34,1.08,11.0,19.0,3.0,30.58,12.0,5136.96,729.925625,5.0,0.0,11.0,0.0,2.0,1.0,6.0,3.0,19.0,1.0,0.73,0
2.3038111877441407,4.0,23.0,10.0,39.01,4.75,17.0,16.0,94.0,1.04,21.0,33.0,8.0,28.8,4.25,1.22,6.0,14.0,7.0,30.92,0.0,4951.68,837.98703125,23.0,2.0,15.0,0.0,0.0,0.0,4.0,5.0,20.0,1.0,0.64,1
1.9508346557617189,5.0,20.0,6.0,31.95,4.95,15.0,9.0,94.0,0.0,26.0,27.0,7.0,41.65,3.7,1.1,11.0,17.0,9.0,30.19,1.35,5277.44,690.442734375,78.0,0.0,22.0,0.0,1.0,0.0,5.0,3.0,26.0,0.0,0.96,0
1.5870657348632813,6.0,16.0,3.0,27.17,5.75,17.0,16.0,91.0,0.0,25.0,19.0,6.0,41.25,3.54,1.08,15.0,17.0,8.0,31.98,90.0,5671.52,565.2908984375,84.0,3.0,21.0,1.0,1.0,2.0,2.0,5.0,22.0,2.0,1.32,1
1.6159030151367189,5.0,11.0,8.0,28.6,8.88,16.0,13.0,94.0,0.0,29.0,19.0,4.0,52.1,5.44,1.23,15.0,25.0,4.0,33.53,1.0,5588.96,590.043203125,1.27,8.0,27.0,0.0,1.0,1.0,5.0,5.0,28.0,1.0,1.53,0
2.1225767517089844,6.0,14.0,10.0,29.89,5.89,8.0,7.0,96.0,1.25,29.0,24.0,5.0,38.75,4.4,1.3,9.0,20.0,9.0,31.23,1.65,5368.16,815.08796875,30.0,1.0,15.0,0.0,0.0,0.0,8.0,5.0,26.0,0.0,1.21,1
1.6782850646972656,4.0,14.0,10.0,28.85,4.77,15.0,14.0,86.0,92.0,21.0,24.0,7.0,38.6,3.32,1.03,7.0,11.0,10.0,26.37,0.0,5109.44,617.4656640625,76.0,8.0,16.0,0.0,1.0,0.0,7.0,5.0,17.0,0.0,0.88,0
1.8057144165039063,3.0,7.0,5.0,12.94,94.0,13.0,13.0,91.0,0.0,14.0,12.0,4.0,29.0,1.36,56.0,5.0,10.0,4.0,15.17,31.0,3177.6,530.336171875,86.0,1.0,10.0,0.0,1.0,0.0,4.0,0.0,14.0,0.0,1.17,1
2.05294662475586,2.0,13.0,7.0,20.51,1.0,13.0,10.0,89.0,63.0,10.0,20.0,5.0,14.2,2.0,61.0,6.0,5.0,5.0,15.07,1.77,3418.56,468.0358203125,7.0,1.0,8.0,0.0,0.0,0.0,5.0,4.0,11.0,0.0,0.5,0
2.181448211669922,4.0,7.0,5.0,15.49,2.93,4.0,5.0,96.0,92.0,18.0,12.0,3.0,28.55,2.47,71.0,5.0,15.0,4.0,15.65,0.0,3724.96,662.008125,33.0,1.0,14.0,0.0,0.0,0.0,0.0,3.0,18.0,0.0,1.5,1
2.272177276611328,3.0,15.0,1.0,18.99,2.41,9.0,6.0,97.0,0.0,15.0,16.0,0.0,21.5,1.49,52.0,6.0,9.0,6.0,14.65,19.0,3585.44,541.14421875,15.0,0.0,11.0,1.0,3.0,0.0,2.0,3.0,15.0,1.0,0.94,0
1.4858734130859377,4.0,4.0,5.0,13.91,3.37,9.0,9.0,94.0,0.0,15.0,9.0,15.0,39.7,2.26,66.0,5.0,13.0,2.0,20.05,0.0,3930.88,425.8097265625,1.24,3.0,11.0,0.0,0.0,0.0,3.0,7.0,14.0,0.0,1.67,1
1.8076174926757809,2.0,15.0,2.0,17.5,50.0,15.0,13.0,93.0,0.0,7.0,17.0,2.0,10.75,1.73,44.0,4.0,4.0,3.0,12.67,0.0,3541.12,408.5644921875,23.0,3.0,6.0,0.0,0.0,1.0,0.0,3.0,7.0,1.0,0.41,0
2.016880645751953,6.0,7.0,4.0,15.87,4.69,5.0,5.0,98.0,50.0,26.0,11.0,5.0,29.75,3.07,1.11,8.0,20.0,6.0,26.97,0.0,3933.12,583.688828125,25.0,0.0,18.0,0.0,0.0,0.0,5.0,3.0,25.0,0.0,2.36,1
2.215225830078125,2.0,15.0,6.0,22.8,80.0,14.0,13.0,95.0,11.0,12.0,20.0,5.0,21.7,1.46,57.0,8.0,7.0,5.0,15.51,0.0,3380.8,474.74484375,22.0,1.0,11.0,0.0,0.0,0.0,3.0,3.0,12.0,0.0,0.6,0
2.3795895385742187,2.0,24.0,5.0,31.69,2.41,14.0,9.0,97.0,30.0,15.0,29.0,7.0,26.5,2.85,67.0,7.0,10.0,5.0,18.39,78.0,3661.12,674.514453125,40.0,11.0,11.0,0.0,0.0,0.0,4.0,4.0,15.0,0.0,0.52,0
1.7398680114746097,4.0,13.0,5.0,24.76,5.64,16.0,14.0,96.0,4.0,26.0,18.0,8.0,41.8,3.37,97.0,5.0,23.0,3.0,27.1,1.09,3773.92,530.1504296875,67.0,14.0,19.0,0.0,1.0,0.0,6.0,4.0,27.0,2.0,1.44,1
2.285299072265625,3.0,19.0,6.0,26.95,1.33,13.0,5.0,96.0,99.0,14.0,25.0,5.0,18.1,2.88,71.0,8.0,9.0,5.0,17.26,3.0,3844.48,661.14390625,1.0,8.0,12.0,0.0,1.0,1.0,4.0,5.0,14.0,0.0,0.56,0
1.844447479248047,4.0,17.0,3.0,25.44,2.96,12.0,8.0,95.0,58.0,23.0,20.0,6.0,41.2,3.63,1.05,11.0,18.0,5.0,25.54,0.0,3804.8,549.5279296875,87.0,16.0,20.0,0.0,1.0,3.0,4.0,1.0,23.0,0.0,1.15,1
1.8931541442871087,4.0,17.0,3.0,23.28,2.58,11.0,8.0,97.0,0.0,22.0,20.0,10.0,37.75,3.7,1.1,13.0,15.0,7.0,29.98,79.0,4145.44,563.4652734375,55.0,5.0,19.0,0.0,0.0,0.0,7.0,2.0,22.0,2.0,1.1,0
1.6805244445800782,5.0,9.0,3.0,17.06,5.06,12.0,11.0,93.0,0.0,21.0,12.0,9.0,43.7,2.94,86.0,5.0,16.0,5.0,23.59,0.0,4395.04,518.5583984375,1.17,6.0,18.0,0.0,4.0,0.0,2.0,5.0,21.0,1.0,1.75,1
1.7959857177734375,3.0,16.0,5.0,24.42,3.42,17.0,16.0,96.0,0.0,19.0,21.0,7.0,37.0,3.34,88.0,6.0,17.0,2.0,24.57,35.0,4069.44,537.657109375,46.0,15.0,17.0,0.0,0.0,0.0,4.0,3.0,19.0,0.0,0.9,0
2.070983581542969,8.0,12.0,8.0,24.9,4.7,4.0,5.0,93.0,1.28,25.0,20.0,11.0,37.9,3.54,1.08,10.0,19.0,6.0,28.16,87.0,4101.76,688.90671875,19.0,4.0,20.0,1.0,1.0,1.0,2.0,6.0,24.0,0.0,1.25,1
2.0731007385253903,5.0,17.0,7.0,33.7,8.52,13.0,18.0,95.0,1.1,27.0,24.0,3.0,38.8,3.32,92.0,15.0,22.0,5.0,26.2,50.0,5962.72,911.001484375,28.0,8.0,25.0,0.0,0.0,1.0,2.0,4.0,26.0,0.0,1.13,0
1.927895965576172,2.0,18.0,10.0,35.18,4.8,24.0,22.0,94.0,28.0,19.0,28.0,10.0,30.7,3.79,1.08,13.0,13.0,6.0,29.56,80.0,5559.04,819.297265625,32.0,4.0,13.0,0.0,1.0,0.0,6.0,8.0,18.0,1.0,0.68,1
1.972833404541016,3.0,18.0,10.0,31.72,2.28,25.0,21.0,96.0,1.16,25.0,28.0,12.0,46.4,4.25,1.18,11.0,16.0,9.0,31.87,1.02,5780.16,759.564375,59.0,3.0,22.0,1.0,1.0,0.0,4.0,6.0,25.0,0.0,0.89,0
1.9772146606445316,5.0,16.0,7.0,33.61,10.61,14.0,18.0,96.0,1.32,32.0,23.0,5.0,64.7,4.36,1.3,19.0,25.0,7.0,36.29,0.0,5698.88,885.110703125,1.52,11.0,24.0,0.0,1.0,0.0,9.0,6.0,32.0,0.0,1.39,1
1.769884796142578,4.0,19.0,5.0,34.48,8.1,14.0,13.0,95.0,0.0,20.0,24.0,10.0,42.9,2.98,94.0,9.0,17.0,3.0,26.9,1.0,5763.84,678.873671875,99.0,5.0,19.0,0.0,2.0,0.0,5.0,1.0,20.0,1.0,0.83,0
2.020852508544922,7.0,15.0,6.0,23.68,2.58,15.0,16.0,94.0,0.0,21.0,21.0,6.0,34.1,3.07,85.0,10.0,15.0,6.0,25.82,23.0,6128.16,898.453671875,46.0,6.0,13.0,0.0,0.0,0.0,9.0,5.0,21.0,1.0,1.0,1
1.8383840942382808,3.0,19.0,7.0,31.64,4.24,22.0,22.0,93.0,0.0,28.0,26.0,12.0,50.05,4.96,1.29,13.0,18.0,10.0,38.8,0.0,5869.12,782.8203125,77.0,4.0,21.0,0.0,1.0,0.0,7.0,7.0,28.0,1.0,1.08,0
2.172854461669922,3.0,24.0,4.0,33.05,3.53,5.0,10.0,95.0,92.0,30.0,28.0,12.0,43.1,4.77,1.6,14.0,20.0,10.0,38.34,72.0,5650.72,941.99703125,31.0,1.0,18.0,0.0,0.0,1.0,6.0,5.0,30.0,0.0,1.07,1
2.0456588745117186,5.0,15.0,8.0,33.39,8.37,17.0,15.0,97.0,82.0,33.0,23.0,7.0,52.4,5.21,1.49,11.0,25.0,8.0,36.19,0.0,5423.52,892.61453125,49.0,5.0,25.0,0.0,0.0,1.0,4.0,5.0,32.0,1.0,1.43,1
1.7001431274414065,3.0,13.0,6.0,25.22,4.82,20.0,19.0,96.0,15.0,15.0,19.0,11.0,26.75,3.07,95.0,10.0,12.0,3.0,29.19,3.0,5991.2,767.20296875,28.0,1.0,11.0,0.0,1.0,0.0,4.0,2.0,15.0,0.0,0.79,0
1.527662353515625,2.0,14.0,6.0,26.25,4.98,14.0,11.0,93.0,0.0,18.0,20.0,5.0,34.6,4.12,84.0,15.0,17.0,1.0,24.93,1.0,5387.04,609.5006640625,90.0,0.0,14.0,0.0,0.0,0.0,6.0,2.0,18.0,1.0,0.9,1
2.021306304931641,2.0,23.0,3.0,31.15,5.15,14.0,16.0,88.0,2.0,17.0,26.0,6.0,38.05,3.02,99.0,8.0,11.0,6.0,25.9,0.0,5638.4,810.92390625,93.0,3.0,12.0,0.0,0.0,0.0,2.0,4.0,17.0,0.0,0.65,0
1.954390869140625,3.0,14.0,8.0,25.36,2.39,19.0,16.0,92.0,1.11,17.0,22.0,9.0,39.65,2.46,73.0,12.0,11.0,6.0,18.75,2.0,5336.16,853.47734375,1.04,2.0,15.0,0.0,0.0,0.0,3.0,2.0,17.0,0.0,0.77,1
1.7620127868652344,4.0,16.0,4.0,26.36,5.82,19.0,20.0,96.0,0.0,22.0,20.0,6.0,35.1,3.09,90.0,6.0,14.0,8.0,25.48,52.0,5977.92,738.9271875,13.0,4.0,18.0,0.0,1.0,0.0,5.0,7.0,21.0,1.0,1.1,0
1.7547349548339843,4.0,17.0,5.0,29.2,7.18,12.0,13.0,97.0,0.0,24.0,22.0,5.0,33.4,4.49,30.0,12.0,18.0,6.0,32.6,1.0,5868.0,683.790234375,25.0,1.0,18.0,0.0,1.0,0.0,3.0,2.0,24.0,1.0,1.09,1
2.1087193298339844,7.0,19.0,8.0,31.0,3.26,6.0,9.0,96.0,1.31,33.0,27.0,4.0,48.2,4.16,1.34,6.0,23.0,10.0,33.59,71.0,5587.04,854.465390625,57.0,0.0,25.0,1.0,0.0,2.0,4.0,9.0,32.0,0.0,1.22,0
1.97118408203125,2.0,20.0,7.0,29.7,2.32,25.0,13.0,94.0,9.0,10.0,27.0,5.0,26.35,2.56,52.0,7.0,6.0,4.0,14.48,31.0,4927.68,725.80796875,78.0,10.0,8.0,0.0,0.0,0.0,1.0,0.0,10.0,0.0,0.37,1
1.4745697021484374,6.0,12.0,5.0,23.34,6.26,14.0,14.0,98.0,0.0,30.0,17.0,7.0,51.0,4.23,1.13,10.0,25.0,5.0,30.92,42.0,5209.12,590.7476171875,86.0,12.0,26.0,0.0,0.0,0.0,5.0,4.0,30.0,2.0,1.76,0
2.3880682373046875,3.0,23.0,9.0,36.73,4.73,10.0,5.0,97.0,1.07,27.0,32.0,6.0,47.8,3.33,1.11,12.0,16.0,11.0,28.29,0.0,4686.08,862.624375,68.0,13.0,21.0,0.0,1.0,1.0,4.0,5.0,27.0,0.0,0.84,1
1.96881103515625,5.0,17.0,6.0,27.92,4.32,17.0,10.0,96.0,1.18,32.0,23.0,7.0,49.85,4.41,1.54,10.0,25.0,7.0,40.07,65.0,5138.08,739.889140625,76.0,3.0,22.0,0.0,0.0,1.0,4.0,3.0,32.0,0.0,1.39,0
1.8479716491699216,3.0,20.0,5.0,29.81,4.45,17.0,17.0,93.0,0.0,13.0,25.0,11.0,27.55,3.08,80.0,2.0,9.0,4.0,26.31,0.0,5056.96,668.43625,46.0,11.0,10.0,0.0,0.0,1.0,3.0,2.0,13.0,0.0,0.52,1
1.8493673706054687,3.0,8.0,13.0,26.21,2.92,16.0,10.0,95.0,96.0,24.0,21.0,12.0,45.35,3.43,1.07,13.0,15.0,9.0,27.06,0.0,5007.36,735.883828125,81.0,10.0,21.0,0.0,0.0,0.0,5.0,2.0,24.0,0.0,1.14,0
2.044916687011719,3.0,20.0,6.0,30.7,4.69,5.0,4.0,94.0,93.0,27.0,26.0,5.0,39.45,3.37,1.16,10.0,15.0,12.0,28.54,1.0,4995.36,797.2228125,27.0,6.0,18.0,1.0,0.0,1.0,7.0,5.0,27.0,0.0,1.04,1
1.5349908447265626,7.0,9.0,7.0,22.23,5.45,15.0,12.0,89.0,0.0,24.0,16.0,9.0,36.4,3.51,1.06,14.0,18.0,6.0,28.57,1.01,5341.12,612.4174609375,50.0,12.0,20.0,0.0,0.0,1.0,5.0,3.0,25.0,1.0,1.5,0
1.6583869934082032,5.0,18.0,6.0,27.6,3.2,19.0,15.0,89.0,34.0,19.0,24.0,10.0,41.2,2.52,81.0,6.0,14.0,5.0,21.91,1.0,5443.36,631.6628515625,1.12,1.0,15.0,0.0,0.0,0.0,3.0,5.0,19.0,0.0,0.79,1
1.4855393981933591,6.0,17.0,3.0,23.83,3.19,16.0,15.0,89.0,0.0,23.0,20.0,9.0,34.15,3.93,95.0,6.0,19.0,4.0,27.79,32.0,5568.48,561.01921875,60.0,1.0,20.0,0.0,1.0,0.0,3.0,5.0,22.0,0.0,1.15,0
1.8565367126464845,5.0,17.0,9.0,32.87,6.87,11.0,7.0,94.0,77.0,22.0,26.0,9.0,30.05,3.48,99.0,3.0,12.0,10.0,25.38,0.0,5343.04,708.71546875,18.0,2.0,19.0,0.0,2.0,1.0,4.0,7.0,22.0,2.0,0.85,1
1.818013916015625,3.0,18.0,6.0,27.98,3.9,16.0,13.0,95.0,1.08,20.0,24.0,6.0,32.3,3.58,1.15,11.0,13.0,7.0,29.93,75.0,5259.2,698.19984375,43.0,1.0,20.0,0.0,0.0,0.0,2.0,4.0,20.0,0.0,0.83,0
1.510586853027344,6.0,14.0,3.0,24.53,7.53,13.0,14.0,93.0,0.0,21.0,17.0,5.0,36.9,3.67,90.0,9.0,18.0,3.0,25.41,85.0,5848.96,636.2098046875,85.0,2.0,19.0,1.0,1.0,0.0,4.0,3.0,21.0,2.0,1.24,1
1.7958404541015625,3.0,16.0,9.0,29.69,3.58,15.0,10.0,93.0,1.33,22.0,25.0,8.0,38.15,2.84,95.0,9.0,13.0,9.0,26.03,73.0,5346.08,749.466328125,34.0,5.0,18.0,0.0,1.0,1.0,8.0,7.0,22.0,1.0,0.88,0
1.6022320556640626,6.0,13.0,7.0,28.7,8.21,5.0,6.0,90.0,1.19,25.0,20.0,9.0,45.15,4.17,1.14,10.0,21.0,4.0,28.26,1.0,5412.16,676.6425,74.0,6.0,24.0,0.0,0.0,0.0,4.0,8.0,25.0,1.0,1.25,1
1.4172090148925782,4.0,14.0,4.0,22.18,4.18,17.0,13.0,91.0,0.0,22.0,18.0,11.0,38.8,3.58,97.0,17.0,17.0,5.0,29.08,92.0,5731.36,496.236484375,78.0,2.0,19.0,0.0,2.0,0.0,6.0,8.0,22.0,2.0,1.22,0
1.6720623779296877,3.0,24.0,8.0,35.42,3.42,17.0,17.0,89.0,0.0,25.0,32.0,7.0,48.95,3.77,1.14,17.0,14.0,11.0,32.27,70.0,5851.84,659.799140625,1.2,0.0,18.0,0.0,0.0,0.0,5.0,7.0,25.0,5.0,0.78,0
1.533778076171875,7.0,17.0,5.0,29.65,5.8,19.0,19.0,94.0,0.0,35.0,22.0,11.0,47.65,4.89,1.34,11.0,28.0,7.0,38.47,55.0,5755.2,692.953984375,51.0,2.0,32.0,0.0,0.0,0.0,5.0,6.0,35.0,0.0,1.59,1
1.805926055908203,3.0,20.0,9.0,34.6,4.68,17.0,16.0,95.0,84.0,23.0,29.0,13.0,32.1,3.87,1.16,15.0,15.0,8.0,29.96,0.0,5962.72,773.083828125,21.0,4.0,18.0,0.0,1.0,0.0,6.0,4.0,22.0,0.0,0.79,0
1.771911163330078,4.0,17.0,10.0,34.19,6.19,18.0,18.0,96.0,58.0,28.0,27.0,9.0,48.5,5.09,1.19,9.0,18.0,10.0,31.56,1.0,5991.84,787.682265625,65.0,15.0,25.0,0.0,0.0,1.0,7.0,8.0,28.0,0.0,1.04,1
1.54650390625,5.0,17.0,11.0,35.23,7.07,15.0,20.0,90.0,0.0,25.0,28.0,11.0,49.8,5.61,1.32,17.0,22.0,3.0,36.54,0.0,6003.84,663.166796875,1.06,10.0,22.0,0.0,1.0,0.0,3.0,4.0,25.0,2.0,0.89,0
1.850292816162109,4.0,22.0,5.0,35.32,7.0,19.0,15.0,97.0,1.27,36.0,27.0,9.0,47.0,4.53,1.61,11.0,23.0,13.0,39.3,52.0,5630.24,810.456875,20.0,5.0,31.0,1.0,4.0,1.0,5.0,4.0,36.0,1.0,1.33,1
1.7716584777832032,3.0,20.0,12.0,37.57,5.47,12.0,16.0,97.0,2.15,32.0,32.0,9.0,44.55,4.16,1.24,11.0,22.0,10.0,31.79,0.0,5773.44,750.483671875,23.0,6.0,25.0,0.0,0.0,2.0,6.0,7.0,32.0,0.0,1.0,0
1.6933006286621093,3.0,17.0,12.0,32.49,3.49,27.0,19.0,94.0,0.0,22.0,29.0,11.0,47.85,3.61,1.14,13.0,12.0,10.0,32.79,1.0,5455.04,696.81796875,1.26,0.0,19.0,0.0,2.0,1.0,5.0,4.0,22.0,0.0,0.76,1
1.7817225646972656,2.0,24.0,4.0,34.37,5.65,17.0,17.0,93.0,0.0,17.0,28.0,4.0,32.85,3.25,76.0,12.0,13.0,4.0,21.9,37.0,5608.32,730.6265625,96.0,4.0,14.0,0.0,3.0,0.0,6.0,2.0,18.0,1.0,0.61,0
1.5430377197265626,6.0,14.0,3.0,21.73,4.41,15.0,16.0,93.0,0.0,28.0,17.0,12.0,49.25,5.17,1.22,19.0,25.0,3.0,35.89,1.34,5773.76,695.997265625,87.0,7.0,23.0,0.0,5.0,0.0,3.0,1.0,29.0,2.0,1.65,1
1.9181912231445315,7.0,22.0,7.0,32.93,3.3,20.0,15.0,96.0,1.09,26.0,29.0,7.0,46.9,4.66,1.16,11.0,16.0,10.0,31.33,1.0,5586.72,756.162578125,69.0,9.0,23.0,0.0,1.0,1.0,9.0,6.0,26.0,3.0,0.9,0
1.812855224609375,5.0,13.0,13.0,33.86,7.86,18.0,18.0,95.0,1.04,27.0,26.0,12.0,52.3,4.57,1.47,10.0,21.0,6.0,34.89,1.44,5702.56,768.583125,98.0,4.0,23.0,0.0,1.0,1.0,7.0,8.0,27.0,0.0,1.04,1
1.902753753662109,4.0,31.0,3.0,41.48,5.4,20.0,20.0,91.0,15.0,26.0,34.0,8.0,35.2,4.62,1.17,13.0,16.0,10.0,31.54,2.0,5327.68,679.008984375,7.0,4.0,23.0,0.0,4.0,1.0,7.0,4.0,25.0,3.0,0.76,0
1.900375518798828,4.0,16.0,8.0,31.32,6.32,15.0,13.0,95.0,1.42,31.0,24.0,7.0,46.95,4.4,1.39,24.0,23.0,8.0,36.01,45.0,5919.52,846.5525,47.0,5.0,24.0,0.0,2.0,0.0,6.0,10.0,31.0,0.0,1.29,1
1.758336944580078,4.0,20.0,8.0,31.86,3.78,14.0,8.0,93.0,1.02,20.0,28.0,10.0,29.5,3.88,1.1,12.0,12.0,8.0,27.49,1.0,5776.64,780.34359375,20.0,4.0,14.0,0.0,0.0,0.0,7.0,3.0,20.0,0.0,0.71,0
1.6511013793945313,7.0,14.0,8.0,29.18,7.18,21.0,17.0,93.0,0.0,33.0,22.0,7.0,46.9,4.2,1.18,12.0,28.0,5.0,33.44,60.0,4964.32,687.943203125,55.0,5.0,23.0,1.0,6.0,0.0,7.0,9.0,33.0,2.0,1.5,1
2.451972351074218,1.0,22.0,3.0,27.83,2.61,15.0,7.0,97.0,51.0,10.0,25.0,2.0,17.8,2.13,61.0,5.0,5.0,5.0,15.32,1.0,3733.28,683.106015625,18.0,1.0,8.0,0.0,0.0,0.0,1.0,2.0,10.0,0.0,0.4,0
1.389081268310547,4.0,8.0,1.0,11.77,2.59,10.0,9.0,90.0,0.0,13.0,9.0,10.0,39.25,1.6,58.0,6.0,13.0,0.0,17.2,1.0,4242.72,439.1121875,1.48,0.0,10.0,0.0,1.0,0.0,2.0,4.0,13.0,0.0,1.44,1
2.069378967285156,2.0,16.0,4.0,22.55,1.51,10.0,13.0,97.0,0.0,13.0,20.0,3.0,19.5,2.31,56.0,7.0,11.0,2.0,16.85,60.0,3917.28,594.092109375,17.0,0.0,10.0,0.0,0.0,0.0,3.0,3.0,13.0,0.0,0.65,0
1.7618525695800782,5.0,7.0,3.0,16.18,6.18,7.0,7.0,94.0,1.21,25.0,10.0,4.0,40.15,2.81,97.0,9.0,21.0,4.0,25.34,0.0,3864.0,647.6051953125,54.0,1.0,20.0,0.0,1.0,0.0,1.0,6.0,25.0,1.0,2.5,1
2.2574855041503903,2.0,18.0,3.0,24.08,2.92,18.0,14.0,95.0,1.47,10.0,21.0,5.0,19.8,1.86,62.0,6.0,7.0,3.0,15.72,0.0,3938.24,669.084296875,18.0,1.0,7.0,0.0,0.0,0.0,0.0,1.0,10.0,0.0,0.48,0
1.5336836242675782,5.0,8.0,5.0,19.2,5.92,13.0,11.0,93.0,0.0,28.0,13.0,11.0,43.9,3.45,1.18,6.0,23.0,5.0,31.24,31.0,4290.08,444.141015625,43.0,2.0,22.0,0.0,4.0,0.0,7.0,5.0,28.0,0.0,2.15,1
2.310084228515625,4.0,18.0,4.0,25.88,2.9,6.0,8.0,97.0,0.0,16.0,22.0,4.0,29.2,1.88,15.0,16.0,12.0,4.0,18.48,0.0,3886.08,651.807890625,37.0,1.0,13.0,1.0,0.0,2.0,6.0,2.0,16.0,0.0,0.73,0
2.0084490966796875,4.0,12.0,5.0,20.19,2.85,6.0,3.0,97.0,1.11,22.0,17.0,6.0,32.25,2.97,98.0,9.0,17.0,5.0,25.94,65.0,4029.76,647.873984375,15.0,0.0,18.0,0.0,0.0,0.0,4.0,5.0,22.0,0.0,1.29,1
2.1874101257324217,5.0,18.0,10.0,32.78,3.6,19.0,16.0,95.0,93.0,24.0,28.0,10.0,42.85,4.71,1.16,18.0,17.0,7.0,32.49,0.0,5130.56,845.738515625,46.0,7.0,22.0,1.0,0.0,2.0,6.0,5.0,24.0,0.0,0.86,0
1.7935377502441403,3.0,18.0,3.0,26.72,5.72,22.0,19.0,95.0,27.0,27.0,21.0,4.0,39.1,3.42,1.12,11.0,19.0,8.0,30.67,1.01,5513.6,745.006875,58.0,3.0,23.0,0.0,1.0,1.0,9.0,7.0,27.0,2.0,1.29,1
1.6725663757324218,7.0,15.0,4.0,27.84,7.29,13.0,12.0,95.0,0.0,25.0,19.0,4.0,41.55,4.27,1.08,11.0,22.0,3.0,30.99,0.0,5566.08,660.07890625,85.0,9.0,23.0,0.0,0.0,0.0,5.0,2.0,23.0,2.0,1.32,0
1.9254264831542969,3.0,15.0,9.0,31.28,7.08,16.0,13.0,95.0,1.39,23.0,24.0,8.0,42.6,3.58,1.03,13.0,18.0,5.0,28.63,1.0,5445.76,787.985625,61.0,20.0,22.0,0.0,0.0,2.0,9.0,10.0,22.0,0.0,0.96,1
2.017605743408203,3.0,18.0,10.0,32.02,3.62,16.0,14.0,95.0,1.02,20.0,28.0,7.0,39.45,3.45,89.0,4.0,16.0,4.0,23.5,10.0,5131.52,755.531328125,72.0,15.0,16.0,0.0,0.0,0.0,3.0,2.0,20.0,1.0,0.71,0
1.7471548461914062,4.0,17.0,4.0,29.75,7.65,14.0,16.0,93.0,0.0,22.0,21.0,10.0,47.2,4.77,1.1,13.0,17.0,5.0,32.03,1.54,5527.68,663.51265625,1.37,11.0,17.0,0.0,2.0,0.0,4.0,5.0,22.0,3.0,1.05,1
1.8113310241699216,4.0,21.0,5.0,32.45,6.45,9.0,10.0,90.0,0.0,21.0,26.0,8.0,40.15,4.41,24.0,16.0,14.0,7.0,29.84,7.0,5340.96,665.640546875,79.0,13.0,17.0,0.0,2.0,0.0,9.0,5.0,22.0,0.0,0.81,0
2.160404052734375,4.0,19.0,5.0,31.63,5.09,10.0,7.0,95.0,1.22,29.0,24.0,8.0,49.0,4.43,1.42,5.0,18.0,11.0,33.59,0.0,5170.08,860.315625,55.0,9.0,22.0,0.0,0.0,0.0,8.0,6.0,29.0,0.0,1.21,1
1.362135009765625,4.0,9.0,8.0,23.42,6.1,12.0,14.0,94.0,0.0,25.0,17.0,7.0,32.1,3.84,1.07,8.0,18.0,7.0,28.75,1.27,4562.72,442.638359375,22.0,1.0,23.0,0.0,3.0,0.0,2.0,4.0,26.0,1.0,1.47,1
1.6994927978515626,3.0,18.0,5.0,28.74,5.4,11.0,12.0,95.0,0.0,16.0,23.0,11.0,25.4,4.18,1.07,13.0,13.0,3.0,29.85,0.0,4522.08,545.6540625,23.0,0.0,12.0,0.0,0.0,0.0,4.0,5.0,16.0,1.0,0.7,0
1.7178034973144531,3.0,12.0,9.0,26.35,3.53,15.0,16.0,95.0,88.0,25.0,21.0,11.0,47.05,3.41,1.13,5.0,20.0,5.0,29.15,0.0,4623.84,605.9362890625,88.0,0.0,21.0,0.0,1.0,1.0,5.0,7.0,25.0,1.0,1.19,1
1.997698516845703,3.0,20.0,8.0,29.41,1.21,20.0,10.0,96.0,0.0,21.0,28.0,5.0,29.65,3.67,84.0,7.0,12.0,9.0,23.73,2.0,4230.08,582.4401953125,24.0,1.0,17.0,0.0,0.0,0.0,4.0,5.0,21.0,1.0,0.75,0
1.6910568237304688,7.0,14.0,4.0,23.86,5.78,13.0,11.0,95.0,69.0,27.0,18.0,12.0,39.05,4.38,1.27,15.0,22.0,5.0,32.32,0.0,4689.12,591.6219921875,38.0,2.0,24.0,1.0,0.0,0.0,7.0,6.0,26.0,1.0,1.5,1
1.7549845886230468,4.0,22.0,6.0,32.46,3.12,21.0,16.0,91.0,71.0,15.0,28.0,8.0,28.55,3.42,81.0,2.0,11.0,4.0,18.97,0.0,4304.32,535.9987109375,63.0,6.0,12.0,0.0,0.0,0.0,1.0,2.0,15.0,0.0,0.54,0
1.4497940063476562,6.0,11.0,3.0,21.32,5.31,13.0,12.0,91.0,0.0,28.0,14.0,6.0,48.15,3.26,100.0,14.0,24.0,4.0,28.77,3.0,4976.48,486.788046875,1.2,4.0,24.0,0.0,2.0,0.0,2.0,5.0,28.0,0.0,2.0,1
2.058352508544922,2.0,24.0,2.0,28.4,2.3,14.0,10.0,95.0,65.0,18.0,26.0,6.0,26.7,2.5,84.0,9.0,10.0,8.0,21.1,0.0,4385.76,676.0115625,37.0,1.0,11.0,0.0,1.0,2.0,3.0,6.0,18.0,1.0,0.69,0
1.6804347229003906,14.0,13.0,3.0,24.38,6.15,14.0,13.0,94.0,0.0,27.0,16.0,5.0,40.2,4.13,1.14,11.0,25.0,2.0,30.16,0.0,5474.72,575.2858203125,64.0,1.0,25.0,1.0,2.0,1.0,5.0,4.0,27.0,1.0,1.69,1
1.738674468994141,3.0,15.0,5.0,24.83,4.52,14.0,11.0,92.0,0.0,17.0,20.0,8.0,30.8,3.52,69.0,8.0,14.0,3.0,21.35,1.0,5404.32,611.3570703125,54.0,4.0,14.0,0.0,1.0,0.0,4.0,5.0,17.0,1.0,0.85,0
2.032530670166016,3.0,19.0,7.0,29.16,2.5,22.0,17.0,93.0,95.0,18.0,26.0,12.0,35.5,3.62,1.04,9.0,8.0,10.0,28.28,83.0,5138.4,711.4784375,60.0,6.0,16.0,0.0,3.0,3.0,4.0,3.0,18.0,0.0,0.69,1
1.8789762878417968,4.0,15.0,6.0,24.79,3.37,13.0,17.0,90.0,0.0,24.0,21.0,8.0,29.85,4.54,1.08,11.0,17.0,7.0,29.55,1.0,5216.0,714.478671875,5.0,0.0,18.0,0.0,1.0,0.0,6.0,2.0,24.0,4.0,1.14,0
1.9706021118164063,5.0,15.0,7.0,27.43,4.69,18.0,14.0,95.0,71.0,23.0,22.0,7.0,37.65,3.24,92.0,10.0,17.0,6.0,25.87,33.0,4889.6,740.3328125,54.0,4.0,16.0,0.0,1.0,1.0,6.0,5.0,22.0,0.0,1.05,1
1.897517852783203,6.0,17.0,9.0,29.62,3.42,16.0,17.0,98.0,99.0,22.0,26.0,9.0,45.8,3.61,1.14,5.0,13.0,9.0,28.6,69.0,5123.52,672.500078125,1.08,3.0,19.0,0.0,1.0,0.0,5.0,5.0,23.0,0.0,0.85,0
1.6423262023925782,6.0,14.0,6.0,27.4,7.24,13.0,13.0,90.0,0.0,19.0,20.0,6.0,35.75,3.13,85.0,9.0,16.0,3.0,22.26,30.0,5441.76,595.621953125,98.0,1.0,16.0,0.0,3.0,0.0,6.0,3.0,18.0,2.0,0.95,1
1.995131378173828,4.0,19.0,1.0,28.27,7.17,10.0,10.0,97.0,84.0,21.0,20.0,8.0,37.05,4.01,1.15,12.0,17.0,4.0,27.41,23.0,5384.96,735.204609375,83.0,2.0,20.0,0.0,0.0,1.0,4.0,1.0,21.0,3.0,1.05,0
2.20966796875,5.0,14.0,14.0,31.6,2.02,15.0,19.0,95.0,68.0,21.0,28.0,10.0,35.2,3.05,87.0,9.0,11.0,10.0,23.83,1.0,4482.88,807.8609375,37.0,10.0,15.0,0.0,0.0,2.0,5.0,3.0,21.0,0.0,0.75,0
1.535208740234375,5.0,14.0,12.0,32.7,4.86,11.0,16.0,90.0,0.0,22.0,26.0,13.0,42.5,4.57,1.3,19.0,15.0,7.0,36.34,1.0,4458.72,468.8471484375,79.0,9.0,22.0,0.0,3.0,0.0,4.0,6.0,22.0,0.0,0.85,1
2.081301727294922,3.0,20.0,9.0,33.15,2.85,15.0,15.0,95.0,98.0,20.0,29.0,9.0,37.7,3.99,1.02,17.0,10.0,10.0,26.91,1.02,4535.68,754.758828125,62.0,5.0,17.0,0.0,0.0,1.0,3.0,3.0,21.0,1.0,0.69,0
1.5924714660644532,7.0,8.0,10.0,25.27,6.21,12.0,11.0,94.0,72.0,32.0,18.0,6.0,43.6,3.69,1.26,9.0,24.0,8.0,31.38,1.0,5047.84,589.8022265625,36.0,1.0,24.0,0.0,1.0,2.0,5.0,7.0,31.0,0.0,1.78,1
2.007942352294922,3.0,22.0,7.0,35.15,5.81,10.0,16.0,97.0,0.0,22.0,29.0,6.0,30.95,3.54,1.28,5.0,16.0,6.0,34.55,65.0,4489.76,648.0362890625,9.0,0.0,18.0,1.0,2.0,0.0,3.0,4.0,22.0,1.0,0.76,0
1.6419047546386718,5.0,15.0,8.0,29.13,5.87,19.0,24.0,93.0,0.0,29.0,23.0,6.0,51.35,4.02,1.16,11.0,20.0,9.0,30.1,0.0,4367.52,541.0346875,68.0,5.0,24.0,0.0,3.0,0.0,6.0,6.0,29.0,1.0,1.26,1
1.8803726196289063,5.0,22.0,1.0,29.19,4.79,18.0,22.0,95.0,0.0,24.0,23.0,6.0,40.7,3.35,94.0,13.0,15.0,9.0,27.15,42.0,4793.6,663.9653125,68.0,5.0,22.0,0.0,3.0,1.0,7.0,6.0,25.0,2.0,1.04,0
1.5962701416015626,4.0,15.0,5.0,25.47,5.11,14.0,13.0,94.0,1.33,26.0,20.0,9.0,45.4,3.64,1.16,5.0,19.0,7.0,29.17,11.0,4881.12,623.7825,74.0,4.0,13.0,0.0,0.0,1.0,8.0,7.0,27.0,0.0,1.3,1
1.6744615173339843,4.0,11.0,10.0,27.59,5.59,11.0,10.0,94.0,0.0,26.0,21.0,9.0,46.6,4.53,1.21,19.0,17.0,9.0,34.21,70.0,4819.36,522.127265625,88.0,6.0,24.0,1.0,4.0,0.0,5.0,2.0,27.0,2.0,1.24,1
2.038013610839844,4.0,16.0,9.0,30.62,5.38,10.0,7.0,97.0,97.0,19.0,25.0,9.0,34.25,3.59,94.0,10.0,13.0,6.0,23.52,2.0,4555.84,716.379375,65.0,3.0,14.0,0.0,0.0,1.0,2.0,6.0,19.0,0.0,0.76,0
1.852242126464844,3.0,16.0,9.0,31.57,5.57,19.0,11.0,96.0,86.0,25.0,25.0,9.0,40.85,4.01,1.19,11.0,18.0,7.0,31.58,1.0,4377.44,614.529921875,41.0,4.0,21.0,0.0,2.0,0.0,5.0,5.0,25.0,1.0,1.0,1
1.792584686279297,3.0,17.0,8.0,28.16,3.1,9.0,7.0,94.0,0.0,19.0,25.0,12.0,32.4,3.53,96.0,4.0,10.0,9.0,25.39,0.0,4607.52,542.9019921875,40.0,2.0,16.0,0.0,3.0,0.0,6.0,3.0,19.0,0.0,0.76,0
1.5507077026367186,3.0,11.0,5.0,23.54,4.81,17.0,16.0,87.0,0.0,23.0,16.0,7.0,41.45,3.02,84.0,8.0,18.0,5.0,22.55,35.0,4889.28,529.2309765625,96.0,3.0,19.0,0.0,2.0,0.0,7.0,9.0,23.0,2.0,1.44,1
2.0091372680664064,2.0,22.0,5.0,30.01,2.15,18.0,17.0,93.0,67.0,20.0,27.0,7.0,38.3,3.71,1.05,17.0,11.0,9.0,26.93,0.0,4537.76,673.705,48.0,6.0,15.0,0.0,0.0,2.0,5.0,4.0,20.0,0.0,0.74,0
1.7289279174804688,5.0,12.0,6.0,23.21,4.07,2.0,5.0,95.0,1.17,24.0,18.0,5.0,35.05,2.93,99.0,14.0,18.0,6.0,25.14,1.62,4942.88,659.863828125,38.0,1.0,15.0,0.0,0.0,1.0,5.0,3.0,26.0,0.0,1.33,1
1.917938232421875,3.0,16.0,5.0,24.72,2.42,16.0,13.0,97.0,0.0,22.0,21.0,8.0,33.4,3.25,100.0,13.0,16.0,6.0,27.39,1.0,4857.28,694.49984375,22.0,0.0,16.0,0.0,1.0,0.0,5.0,4.0,22.0,0.0,1.05,0
1.5101396179199218,6.0,7.0,7.0,18.19,3.79,13.0,7.0,91.0,0.0,21.0,14.0,9.0,33.9,2.8,89.0,6.0,17.0,4.0,25.65,0.0,3642.4,414.0619140625,60.0,2.0,18.0,0.0,1.0,0.0,4.0,3.0,21.0,2.0,1.5,1
2.1070118713378903,3.0,19.0,5.0,27.76,3.64,4.0,10.0,95.0,63.0,16.0,24.0,6.0,22.25,3.44,83.0,7.0,9.0,7.0,22.9,0.0,3388.64,539.789765625,10.0,1.0,15.0,1.0,0.0,0.0,1.0,3.0,16.0,0.0,0.67,0
1.3900537109375,3.0,8.0,7.0,17.22,2.21,12.0,13.0,87.0,0.0,19.0,15.0,10.0,39.35,4.02,81.0,8.0,14.0,5.0,22.17,100.0,3860.16,385.5757421875,1.1,0.0,19.0,0.0,0.0,0.0,5.0,1.0,19.0,0.0,1.27,1
1.7751214599609375,2.0,17.0,5.0,24.31,1.43,17.0,10.0,96.0,0.0,16.0,22.0,8.0,29.45,3.01,67.0,4.0,9.0,7.0,18.05,1.0,3542.08,453.9007421875,46.0,0.0,14.0,0.0,0.0,0.0,5.0,2.0,16.0,1.0,0.73,0
1.683096923828125,6.0,6.0,8.0,17.6,3.12,8.0,7.0,93.0,1.08,26.0,14.0,8.0,36.9,3.29,1.22,11.0,20.0,6.0,29.45,1.0,3752.8,480.388984375,54.0,0.0,21.0,0.0,1.0,0.0,3.0,6.0,24.0,0.0,1.86,1
1.6946006774902345,3.0,13.0,7.0,24.54,4.18,12.0,14.0,91.0,0.0,15.0,20.0,5.0,26.25,3.29,72.0,1.0,8.0,7.0,19.86,1.54,3605.12,442.9190625,19.0,0.0,13.0,0.0,0.0,0.0,6.0,4.0,15.0,1.0,0.75,0
1.8625408935546877,5.0,9.0,6.0,21.58,5.94,11.0,10.0,92.0,51.0,22.0,15.0,8.0,37.5,3.23,86.0,10.0,13.0,9.0,22.7,0.0,3892.8,565.7333203125,60.0,0.0,19.0,0.0,0.0,2.0,7.0,5.0,21.0,1.0,1.47,1
2.0444377136230467,3.0,15.0,7.0,24.92,2.92,10.0,8.0,97.0,22.0,11.0,22.0,7.0,18.3,2.2,44.0,6.0,4.0,7.0,12.77,1.0,3506.88,535.42625,13.0,1.0,10.0,0.0,0.0,0.0,2.0,3.0,10.0,0.0,0.5,0
1.7296858215332032,3.0,12.0,6.0,25.09,7.09,14.0,7.0,97.0,0.0,27.0,18.0,8.0,44.3,4.42,1.13,11.0,19.0,8.0,31.17,1.0,5149.28,650.4576171875,70.0,10.0,24.0,0.0,1.0,0.0,7.0,2.0,27.0,1.0,1.5,1
1.699536590576172,4.0,12.0,9.0,24.42,3.26,10.0,12.0,92.0,1.35,17.0,21.0,9.0,37.05,3.28,98.0,1.0,12.0,5.0,23.33,49.0,5032.8,630.2698828125,83.0,18.0,13.0,1.0,0.0,0.0,2.0,2.0,17.0,0.0,0.81,0
1.6865449523925782,6.0,14.0,7.0,27.02,5.9,17.0,10.0,94.0,0.0,28.0,21.0,11.0,46.45,4.74,1.09,21.0,19.0,9.0,33.67,11.0,5008.96,561.8255078125,65.0,8.0,26.0,0.0,0.0,0.0,6.0,8.0,28.0,1.0,1.33,1
1.76273681640625,2.0,19.0,7.0,27.56,1.56,14.0,10.0,91.0,0.0,15.0,25.0,8.0,29.3,2.98,77.0,9.0,9.0,6.0,22.58,0.0,4795.36,526.5234375,47.0,5.0,14.0,0.0,1.0,0.0,5.0,1.0,15.0,1.0,0.6,0
1.6730410766601562,4.0,14.0,6.0,25.59,5.35,11.0,11.0,96.0,81.0,18.0,20.0,7.0,42.35,3.09,90.0,3.0,15.0,4.0,22.15,60.0,4786.08,599.560234375,1.06,19.0,18.0,0.0,0.0,0.0,5.0,1.0,19.0,0.0,0.9,1
1.630737762451172,4.0,16.0,4.0,28.52,7.34,16.0,15.0,89.0,0.0,26.0,20.0,7.0,44.35,4.68,1.21,11.0,20.0,6.0,35.45,30.0,5072.64,580.701171875,52.0,5.0,22.0,0.0,0.0,0.0,5.0,4.0,26.0,1.0,1.3,0
2.0247657775878904,3.0,18.0,3.0,27.01,5.73,15.0,8.0,96.0,88.0,15.0,21.0,12.0,36.2,2.89,76.0,7.0,10.0,5.0,19.3,0.0,4810.4,774.555859375,92.0,3.0,12.0,0.0,0.0,0.0,5.0,5.0,15.0,1.0,0.71,1
1.739771728515625,5.0,16.0,6.0,26.58,2.96,17.0,14.0,98.0,55.0,22.0,22.0,3.0,34.3,2.93,92.0,6.0,17.0,5.0,22.63,0.0,4976.64,637.48296875,53.0,4.0,19.0,0.0,1.0,2.0,6.0,0.0,21.0,0.0,1.0,0
