averageSpeed,highestStreak,untradedDeaths,tradedDeaths,inapplicableTradedKills,inapplicableTradedDeaths,damageTaken,damageHealed,tacticalsUsed,lethalsUsed,percentTimeMoving,deadSilenceTime,totalKills,totalDeaths,totalAssists,totalScore,totalShotsFired,totalShotsHit,totalShotsHead,untradedKills,tradedKills,totalDamageDealt,friendDamage,totalTimeAlive,totalDistanceTraveled,totalInVictimFovKills,totalFirstBloodKills,totalLongshotKills,totalPointblankKills,totalRevengeKills,totalInAttackerFovKills,totalWallbangKills,killDeathRatio,totalObjectivesCaptured,objectiveTiersContributed,winner
1.8582548522949216,5.0,15.0,3.0,0.0,0.0,24.83,6.79,16.0,13.0,83.0,84.0,21.0,18.0,1.0,22.25,2.86,74.0,9.0,14.0,7.0,19.08,2.0,5752.8,638.0607421875,17.0,0.0,1.0,2.0,3.0,21.0,0.0,1.17,1.0,1.0,0
1.7447705078125,5.0,11.0,8.0,0.0,0.0,24.68,5.68,14.0,9.0,86.0,79.0,21.0,19.0,8.0,28.0,3.49,1.14,8.0,18.0,3.0,29.46,1.0,5701.6,638.9047265625,15.0,0.0,1.0,1.0,2.0,21.0,0.0,1.11,2.0,7.0,1
2.03438232421875,2.0,14.0,4.0,0.0,0.0,22.16,3.14,12.0,7.0,84.0,1.17,18.0,18.0,1.0,20.0,3.42,84.0,5.0,14.0,4.0,21.18,3.0,5753.92,716.14421875,14.0,0.0,2.0,0.0,4.0,17.0,0.0,1.0,1.0,1.0,0
1.3873629760742188,3.0,6.0,5.0,0.0,0.0,14.34,2.73,9.0,8.0,84.0,66.0,14.0,11.0,4.0,18.0,2.61,53.0,10.0,10.0,4.0,14.12,0.0,6121.76,518.5050390625,12.0,1.0,1.0,0.0,2.0,14.0,0.0,1.27,2.0,4.0,1
1.7166075134277343,2.0,12.0,4.0,0.0,0.0,20.15,2.89,10.0,3.0,83.0,0.0,5.0,16.0,4.0,10.25,2.15,58.0,8.0,4.0,2.0,17.42,0.0,5857.44,539.245703125,6.0,0.0,1.0,0.0,0.0,6.0,0.0,0.31,1.0,3.0,0
1.730309906005859,4.0,13.0,2.0,0.0,0.0,20.49,3.91,9.0,7.0,84.0,71.0,12.0,14.0,2.0,14.75,3.06,65.0,15.0,7.0,5.0,17.89,0.0,5945.12,656.464296875,10.0,2.0,0.0,0.0,4.0,12.0,0.0,0.86,4.0,6.0,1
1.6078961181640623,3.0,10.0,4.0,0.0,0.0,20.61,5.63,13.0,14.0,83.0,0.0,14.0,14.0,6.0,19.25,3.09,74.0,7.0,11.0,3.0,23.28,1.0,5920.64,563.6674609375,11.0,0.0,0.0,0.0,5.0,13.0,0.0,1.0,1.0,3.0,0
1.6349996948242187,5.0,13.0,1.0,0.0,0.0,22.06,6.44,9.0,8.0,86.0,0.0,19.0,14.0,6.0,23.75,3.99,18.0,16.0,16.0,3.0,26.22,60.0,5963.36,563.2526953125,17.0,0.0,1.0,0.0,2.0,19.0,0.0,1.36,1.0,6.0,1
2.2951597595214843,7.0,17.0,9.0,0.0,0.0,33.54,5.14,17.0,16.0,95.0,1.07,29.0,26.0,5.0,35.5,4.14,1.44,11.0,20.0,9.0,36.86,1.0,7325.6,1001.301171875,25.0,1.0,10.0,0.0,5.0,29.0,0.0,1.12,1.0,2.0,0
2.482111358642578,7.0,16.0,8.0,0.0,0.0,33.86,7.82,17.0,14.0,94.0,82.0,32.0,24.0,10.0,40.0,4.73,1.54,17.0,26.0,6.0,38.71,48.0,7465.28,1069.249296875,22.0,2.0,2.0,1.0,5.0,31.0,0.0,1.33,2.0,4.0,1
1.886363677978516,3.0,19.0,5.0,0.0,0.0,26.44,2.25,18.0,17.0,97.0,0.0,14.0,24.0,7.0,18.25,3.42,81.0,8.0,9.0,5.0,22.37,0.0,7465.92,805.288984375,12.0,0.0,3.0,0.0,3.0,14.0,0.0,0.58,2.0,4.0,0
2.229547729492188,5.0,15.0,7.0,0.0,0.0,32.01,8.85,19.0,10.0,96.0,1.73,26.0,22.0,3.0,33.0,4.15,1.08,5.0,20.0,6.0,25.11,0.0,7636.32,1019.379296875,23.0,0.0,2.0,1.0,7.0,25.0,0.0,1.18,2.0,6.0,1
2.508301239013672,5.0,22.0,7.0,0.0,0.0,34.94,3.65,26.0,17.0,95.0,1.13,25.0,29.0,5.0,31.0,3.79,1.24,14.0,19.0,6.0,31.43,3.0,7156.64,1048.15,23.0,1.0,2.0,1.0,5.0,25.0,0.0,0.86,1.0,7.0,0
2.016892242431641,3.0,15.0,8.0,0.0,0.0,30.93,7.41,11.0,14.0,94.0,0.0,21.0,23.0,11.0,28.0,4.06,1.12,9.0,13.0,8.0,29.81,0.0,7570.88,922.050859375,16.0,1.0,9.0,0.0,5.0,21.0,0.0,0.91,0.0,1.0,1
1.9633906555175784,4.0,16.0,5.0,0.0,0.0,26.68,5.4,18.0,17.0,95.0,0.0,25.0,21.0,9.0,31.0,6.77,1.32,14.0,18.0,7.0,35.71,2.64,7703.36,849.70078125,23.0,0.0,6.0,1.0,4.0,27.0,0.0,1.19,1.0,1.0,0
2.0307571411132805,3.0,20.0,4.0,0.0,0.0,30.35,6.03,23.0,23.0,93.0,0.0,21.0,24.0,9.0,31.75,5.33,1.03,12.0,15.0,6.0,25.29,30.0,7499.04,881.05109375,18.0,0.0,2.0,0.0,7.0,21.0,0.0,0.88,3.0,9.0,1
1.7719699096679689,3.0,14.0,7.0,0.0,0.0,26.08,3.61,18.0,10.0,85.0,0.0,21.0,21.0,4.0,23.5,3.61,1.01,6.0,15.0,6.0,26.37,29.0,6735.04,709.35640625,19.0,1.0,2.0,0.0,3.0,21.0,0.0,1.0,2.0,3.0,0
2.219590301513672,3.0,17.0,11.0,0.0,0.0,32.6,3.31,22.0,15.0,90.0,58.0,22.0,28.0,6.0,28.0,3.31,1.09,6.0,15.0,7.0,28.11,3.0,6269.92,900.91609375,20.0,1.0,0.0,2.0,5.0,22.0,0.0,0.79,2.0,4.0,1
1.9278204345703125,4.0,14.0,6.0,0.0,0.0,24.6,4.6,18.0,15.0,91.0,1.21,21.0,20.0,12.0,28.75,3.32,1.02,6.0,15.0,6.0,27.54,66.0,6808.48,813.031875,18.0,1.0,0.0,0.0,4.0,21.0,0.0,1.05,3.0,7.0,0
2.0308406066894533,4.0,15.0,10.0,0.0,1.0,30.58,4.58,23.0,13.0,93.0,1.31,25.0,26.0,7.0,31.5,2.97,94.0,8.0,18.0,7.0,24.02,0.0,6516.48,847.790625,20.0,0.0,0.0,0.0,6.0,25.0,0.0,0.96,1.0,4.0,1
1.6654722595214844,6.0,13.0,7.0,0.0,0.0,26.91,6.91,18.0,19.0,88.0,0.0,26.0,20.0,11.0,35.0,3.9,1.22,9.0,18.0,9.0,35.8,60.0,6763.04,647.3086328125,22.0,1.0,0.0,0.0,7.0,27.0,0.0,1.3,4.0,4.0,0
1.8268840026855468,5.0,17.0,6.0,0.0,0.0,29.83,5.65,12.0,11.0,90.0,0.0,20.0,23.0,9.0,26.25,2.82,1.03,9.0,10.0,10.0,28.4,30.0,6682.08,708.5253125,17.0,0.0,2.0,0.0,2.0,20.0,0.0,0.87,2.0,5.0,1
2.044319763183593,4.0,17.0,8.0,1.0,0.0,28.09,3.09,9.0,6.0,91.0,1.07,30.0,25.0,6.0,34.0,3.13,1.25,13.0,16.0,13.0,31.99,0.0,6553.6,817.295859375,20.0,0.0,0.0,3.0,6.0,30.0,0.0,1.2,2.0,2.0,0
1.8106288146972656,4.0,15.0,7.0,0.0,0.0,29.34,6.87,17.0,16.0,92.0,0.0,19.0,22.0,12.0,29.0,3.44,86.0,3.0,15.0,4.0,23.6,32.0,6528.64,691.73375,14.0,0.0,1.0,0.0,3.0,19.0,0.0,0.86,2.0,6.0,1
2.1124693298339845,3.0,20.0,3.0,0.0,0.0,29.3,5.04,25.0,12.0,95.0,1.38,17.0,23.0,4.0,21.25,2.88,97.0,6.0,12.0,5.0,25.11,1.0,7735.36,1010.750078125,15.0,2.0,0.0,1.0,4.0,17.0,0.0,0.74,2.0,3.0,0
1.6548643493652344,4.0,16.0,3.0,0.0,0.0,25.13,6.13,19.0,15.0,93.0,92.0,20.0,19.0,5.0,23.75,3.76,94.0,8.0,17.0,3.0,25.91,1.0,8027.84,781.81953125,13.0,0.0,1.0,0.0,4.0,20.0,0.0,1.05,2.0,6.0,1
1.58804931640625,2.0,18.0,3.0,0.0,0.0,27.81,5.66,17.0,12.0,95.0,0.0,17.0,21.0,6.0,20.0,4.03,85.0,13.0,14.0,3.0,25.73,75.0,7877.28,727.391875,14.0,0.0,1.0,0.0,4.0,17.0,0.0,0.81,2.0,7.0,0
2.261095123291016,6.0,20.0,5.0,0.0,0.0,34.19,7.0,19.0,10.0,95.0,1.07,21.0,25.0,5.0,24.5,3.65,1.14,12.0,17.0,4.0,30.2,18.0,7585.76,991.1678125,19.0,1.0,0.0,1.0,3.0,21.0,0.0,0.84,3.0,5.0,1
1.8904635620117187,3.0,20.0,4.0,0.0,0.0,32.91,7.61,26.0,19.0,94.0,1.29,21.0,24.0,8.0,29.75,4.16,1.2,14.0,15.0,6.0,33.07,1.0,7686.88,862.497421875,17.0,1.0,0.0,0.0,4.0,20.0,0.0,0.88,3.0,9.0,0
2.100281219482422,4.0,20.0,6.0,0.0,0.0,33.31,6.18,21.0,13.0,96.0,1.27,21.0,26.0,8.0,26.0,2.73,1.01,8.0,16.0,5.0,27.48,0.0,7574.08,973.875546875,19.0,0.0,1.0,1.0,6.0,20.0,0.0,0.81,1.0,4.0,1
1.9159869384765624,4.0,17.0,6.0,0.0,0.0,29.5,5.96,19.0,18.0,97.0,1.4,30.0,23.0,3.0,36.0,3.76,1.18,11.0,22.0,8.0,32.15,0.0,7749.28,876.244609375,24.0,0.0,1.0,0.0,5.0,30.0,0.0,1.3,2.0,5.0,0
1.7398123168945312,6.0,7.0,8.0,0.0,0.0,24.25,7.53,17.0,16.0,93.0,47.0,29.0,15.0,9.0,33.75,4.5,1.2,15.0,25.0,4.0,35.16,63.0,8171.52,861.223828125,27.0,1.0,3.0,0.0,7.0,30.0,0.0,1.93,1.0,4.0,1
1.7830503845214845,5.0,19.0,7.0,0.0,0.0,32.62,6.17,21.0,18.0,94.0,1.1,23.0,26.0,3.0,25.5,3.49,1.08,7.0,15.0,8.0,29.73,49.0,7120.96,783.056015625,19.0,1.0,0.0,0.0,3.0,24.0,0.0,0.88,2.0,2.0,0
2.174950256347656,4.0,21.0,4.0,0.0,0.0,33.06,4.63,22.0,17.0,97.0,78.0,38.0,25.0,6.0,45.0,5.02,1.72,29.0,27.0,11.0,44.46,44.0,7081.6,998.742421875,27.0,0.0,0.0,2.0,6.0,38.0,0.0,1.52,2.0,4.0,1
2.2835752868652346,6.0,21.0,6.0,1.0,0.0,31.28,3.92,19.0,16.0,95.0,1.08,27.0,27.0,6.0,32.25,3.53,1.17,10.0,18.0,8.0,30.65,1.0,7069.6,992.154375,16.0,0.0,0.0,1.0,4.0,25.0,0.0,1.0,2.0,5.0,0
2.20446304321289,9.0,17.0,9.0,0.0,1.0,31.94,4.14,23.0,12.0,95.0,1.42,23.0,27.0,10.0,28.75,4.1,1.05,14.0,17.0,6.0,27.6,2.17,7136.16,932.786796875,19.0,1.0,3.0,0.0,5.0,22.0,0.0,0.85,2.0,6.0,1
2.4090310668945314,5.0,21.0,5.0,0.0,0.0,34.79,7.29,18.0,7.0,100.0,1.38,28.0,26.0,7.0,31.75,4.68,1.22,15.0,21.0,7.0,30.33,1.0,7070.72,1045.90546875,19.0,1.0,1.0,0.0,3.0,28.0,0.0,1.08,2.0,2.0,0
1.7599737548828125,6.0,13.0,5.0,0.0,0.0,26.24,7.82,14.0,8.0,93.0,0.0,21.0,18.0,8.0,27.25,3.34,1.11,13.0,18.0,3.0,30.9,1.16,7569.76,764.517890625,16.0,0.0,0.0,0.0,5.0,21.0,0.0,1.17,1.0,1.0,1
2.012451782226562,6.0,15.0,7.0,0.0,1.0,32.29,7.57,21.0,17.0,98.0,30.0,20.0,22.0,8.0,29.25,4.04,96.0,12.0,17.0,3.0,28.98,25.0,7295.2,850.68546875,16.0,0.0,0.0,0.0,7.0,20.0,0.0,0.91,2.0,5.0,0
1.917117919921875,3.0,20.0,8.0,1.0,0.0,32.24,2.72,24.0,18.0,94.0,0.0,19.0,28.0,6.0,25.5,3.27,87.0,3.0,14.0,5.0,27.26,2.0,6979.36,801.273984375,19.0,1.0,0.0,0.0,5.0,20.0,0.0,0.68,2.0,8.0,1
2.265634155273437,3.0,19.0,1.0,0.0,0.0,23.21,3.21,9.0,9.0,90.0,44.0,9.0,20.0,4.0,12.25,1.78,59.0,5.0,9.0,0.0,14.92,0.0,3960.48,579.487578125,6.0,0.0,2.0,0.0,2.0,9.0,0.0,0.45,1.0,1.0,0
2.2449571228027345,4.0,7.0,6.0,0.0,0.0,18.06,3.47,6.0,4.0,96.0,81.0,18.0,13.0,6.0,22.25,3.57,1.03,2.0,17.0,1.0,25.22,23.0,4528.0,583.129765625,15.0,0.0,2.0,1.0,4.0,18.0,0.0,1.38,2.0,3.0,1
2.003658599853516,4.0,12.0,2.0,0.0,1.0,15.99,91.0,4.0,5.0,99.0,0.0,18.0,15.0,5.0,23.5,2.65,80.0,5.0,13.0,5.0,21.18,0.0,4500.64,478.6989453125,14.0,0.0,4.0,0.0,3.0,18.0,0.0,1.2,1.0,2.0,0
1.7376937866210938,8.0,7.0,1.0,1.0,0.0,14.7,5.15,6.0,7.0,91.0,0.0,24.0,8.0,6.0,30.0,3.33,1.07,14.0,20.0,3.0,25.33,30.0,4785.76,529.62578125,21.0,1.0,9.0,1.0,2.0,24.0,0.0,3.0,2.0,8.0,1
2.437926483154297,3.0,18.0,2.0,0.0,0.0,25.19,4.41,16.0,12.0,95.0,68.0,15.0,20.0,3.0,16.5,2.71,75.0,9.0,9.0,6.0,18.85,0.0,4212.32,630.90953125,14.0,0.0,0.0,2.0,3.0,15.0,0.0,0.75,1.0,2.0,0
2.23364501953125,5.0,9.0,5.0,0.0,0.0,18.37,3.02,14.0,10.0,96.0,64.0,16.0,14.0,5.0,22.0,2.36,68.0,7.0,13.0,3.0,15.31,1.0,4508.64,596.2403515625,13.0,0.0,2.0,1.0,1.0,16.0,0.0,1.14,3.0,10.0,1
1.971159057617188,3.0,16.0,3.0,0.0,0.0,21.62,2.62,11.0,10.0,98.0,0.0,7.0,19.0,7.0,10.75,2.99,49.0,4.0,4.0,3.0,13.85,0.0,4224.64,491.76921875,7.0,2.0,2.0,0.0,1.0,7.0,0.0,0.37,0.0,0.0,0
2.088357696533203,4.0,12.0,2.0,0.0,0.0,18.5,3.08,5.0,7.0,97.0,0.0,16.0,14.0,6.0,20.5,2.44,6.0,7.0,15.0,1.0,20.15,29.0,4492.8,564.6360546875,13.0,0.0,6.0,0.0,3.0,16.0,0.0,1.14,3.0,5.0,1
1.6479220581054688,6.0,13.0,4.0,0.0,1.0,21.28,3.28,15.0,11.0,90.0,0.0,26.0,18.0,1.0,30.25,3.41,1.1,5.0,20.0,6.0,27.9,1.0,8597.44,807.776875,24.0,1.0,2.0,0.0,2.0,26.0,0.0,1.44,2.0,6.0,0
1.9665028381347656,6.0,17.0,8.0,1.0,0.0,29.76,3.26,28.0,21.0,95.0,93.0,33.0,25.0,9.0,40.0,4.49,1.36,20.0,22.0,10.0,38.33,5.0,8109.44,963.307109375,27.0,0.0,0.0,1.0,3.0,33.0,0.0,1.32,3.0,8.0,1
2.05779052734375,3.0,19.0,8.0,0.0,0.0,33.99,6.99,18.0,11.0,96.0,1.13,19.0,27.0,10.0,28.25,3.61,1.15,5.0,16.0,3.0,27.27,0.0,8037.12,960.797421875,16.0,0.0,1.0,0.0,4.0,18.0,0.0,0.7,2.0,7.0,0
2.2776840209960927,2.0,31.0,2.0,0.0,0.0,38.68,5.37,22.0,13.0,97.0,1.35,20.0,33.0,4.0,26.75,3.55,1.2,12.0,12.0,8.0,29.71,1.0,7746.56,1082.81734375,17.0,2.0,0.0,1.0,8.0,20.0,0.0,0.61,3.0,9.0,1
1.838819580078125,4.0,18.0,10.0,0.0,0.0,34.32,6.31,21.0,18.0,93.0,0.0,29.0,28.0,11.0,35.0,4.93,1.57,17.0,20.0,9.0,42.97,1.36,8002.4,847.602109375,27.0,0.0,1.0,0.0,9.0,29.0,0.0,1.04,3.0,5.0,0
2.1951448059082037,3.0,19.0,11.0,0.0,0.0,37.75,7.25,20.0,8.0,99.0,1.09,26.0,30.0,8.0,33.0,3.91,1.12,11.0,18.0,8.0,28.26,1.05,7929.76,1022.435390625,21.0,1.0,1.0,0.0,6.0,26.0,0.0,0.87,2.0,5.0,1
1.974379119873047,4.0,17.0,7.0,0.0,0.0,33.05,8.59,17.0,8.0,94.0,2.07,40.0,24.0,1.0,41.25,4.72,1.61,21.0,32.0,8.0,40.27,1.0,8172.8,975.24203125,30.0,0.0,1.0,1.0,8.0,40.0,0.0,1.67,1.0,1.0,0
1.96546127319336,4.0,21.0,5.0,0.0,0.0,34.08,4.87,19.0,18.0,94.0,25.0,18.0,26.0,12.0,26.0,3.09,86.0,4.0,15.0,3.0,24.96,75.0,8018.08,935.984140625,13.0,1.0,2.0,0.0,2.0,17.0,0.0,0.69,3.0,5.0,1
2.1516128540039063,7.0,19.0,5.0,1.0,0.0,32.13,6.66,20.0,17.0,97.0,1.15,34.0,24.0,8.0,38.5,4.35,1.41,16.0,28.0,5.0,38.07,0.0,7897.44,1041.7409375,29.0,0.0,0.0,0.0,10.0,32.0,0.0,1.42,3.0,5.0,1
2.017975616455078,4.0,18.0,6.0,0.0,0.0,27.94,3.74,26.0,18.0,96.0,42.0,22.0,24.0,9.0,31.25,3.42,1.06,14.0,18.0,4.0,31.06,1.04,7872.64,932.010234375,18.0,0.0,0.0,0.0,7.0,22.0,0.0,0.92,4.0,9.0,0
2.1762335205078127,5.0,23.0,8.0,0.0,0.0,38.98,7.28,21.0,14.0,95.0,1.33,30.0,31.0,7.0,39.25,4.3,1.33,16.0,24.0,6.0,33.41,3.0,7508.16,1012.950234375,22.0,1.0,3.0,2.0,2.0,30.0,0.0,0.97,2.0,9.0,1
2.308036956787109,3.0,24.0,6.0,0.0,1.0,37.41,5.39,8.0,4.0,95.0,98.0,27.0,31.0,4.0,33.25,3.3,1.26,9.0,21.0,6.0,31.62,0.0,7569.76,1035.923125,23.0,1.0,0.0,1.0,7.0,27.0,0.0,0.87,4.0,5.0,0
1.770164031982422,5.0,15.0,4.0,0.0,0.0,26.13,7.03,15.0,9.0,93.0,0.0,26.0,19.0,9.0,34.75,3.85,1.24,8.0,20.0,6.0,33.28,1.27,8171.04,852.520390625,23.0,0.0,1.0,1.0,5.0,26.0,0.0,1.37,1.0,5.0,1
1.8266580200195317,3.0,20.0,6.0,0.0,0.0,33.39,6.16,18.0,17.0,94.0,0.0,19.0,26.0,7.0,25.25,4.34,91.0,15.0,11.0,8.0,25.33,1.0,7683.2,842.599921875,19.0,0.0,2.0,0.0,4.0,19.0,0.0,0.73,4.0,8.0,0
1.9730699157714844,3.0,15.0,8.0,0.0,0.0,29.89,6.43,21.0,18.0,96.0,0.0,20.0,22.0,14.0,29.5,4.55,98.0,13.0,15.0,5.0,27.39,1.4,7961.76,968.8346875,15.0,0.0,1.0,1.0,3.0,20.0,0.0,0.91,2.0,8.0,1
2.2362825012207037,4.0,25.0,4.0,0.0,0.0,34.46,4.29,15.0,15.0,93.0,1.7,28.0,29.0,6.0,34.25,4.6,1.38,12.0,22.0,7.0,36.42,0.0,7549.6,1020.869296875,23.0,3.0,0.0,0.0,6.0,29.0,0.0,0.97,2.0,4.0,0
2.093788452148437,5.0,13.0,4.0,0.0,0.0,21.53,3.57,12.0,16.0,93.0,62.0,26.0,17.0,8.0,31.5,2.93,1.16,8.0,19.0,7.0,33.26,0.0,4358.08,530.2487890625,20.0,0.0,2.0,1.0,4.0,26.0,0.0,1.53,1.0,1.0,1
1.6065863037109376,9.0,14.0,3.0,1.0,0.0,26.06,6.99,13.0,11.0,94.0,0.0,20.0,17.0,5.0,22.5,3.07,95.0,9.0,18.0,1.0,23.01,69.0,4430.08,440.519609375,19.0,1.0,7.0,0.0,3.0,21.0,0.0,1.18,0.0,0.0,0
1.4066946411132812,6.0,10.0,4.0,0.0,0.0,18.37,3.31,9.0,10.0,90.0,0.0,17.0,14.0,10.0,23.75,3.24,93.0,10.0,14.0,3.0,26.03,1.06,4494.56,382.7580859375,15.0,1.0,3.0,0.0,3.0,16.0,0.0,1.21,2.0,4.0,1
1.5719784545898436,4.0,13.0,5.0,0.0,0.0,25.47,6.71,10.0,14.0,95.0,38.0,13.0,18.0,7.0,17.5,4.39,86.0,6.0,8.0,5.0,23.58,32.0,4342.72,411.9281640625,13.0,0.0,0.0,0.0,3.0,13.0,0.0,0.72,0.0,0.0,0
1.903243103027344,3.0,8.0,6.0,0.0,1.0,19.74,3.68,17.0,14.0,92.0,18.0,16.0,15.0,3.0,20.5,2.07,73.0,10.0,13.0,3.0,19.18,0.0,4549.6,521.9425,14.0,0.0,2.0,0.0,2.0,16.0,0.0,1.07,2.0,5.0,1
1.954111175537109,2.0,21.0,4.0,0.0,0.0,28.53,2.97,18.0,18.0,94.0,0.0,16.0,25.0,4.0,18.25,2.36,60.0,4.0,8.0,8.0,15.42,1.0,4017.28,518.1395703125,13.0,1.0,0.0,0.0,2.0,16.0,0.0,0.64,0.0,0.0,0
1.4542353820800782,5.0,9.0,3.0,0.0,0.0,20.31,6.83,12.0,12.0,91.0,0.0,24.0,12.0,7.0,32.5,4.73,1.02,8.0,18.0,6.0,26.52,2.0,4680.0,408.7680859375,22.0,1.0,3.0,0.0,5.0,24.0,0.0,2.0,3.0,9.0,1
2.071374664306641,2.0,16.0,7.0,0.0,0.0,25.95,1.73,17.0,15.0,96.0,56.0,9.0,23.0,4.0,10.75,1.8,58.0,4.0,6.0,3.0,16.86,0.0,4034.24,507.5635546875,7.0,0.0,1.0,0.0,2.0,9.0,0.0,0.39,0.0,0.0,0
1.3952604675292968,6.0,14.0,3.0,0.0,1.0,21.97,3.87,12.0,12.0,85.0,0.0,17.0,18.0,5.0,20.25,3.52,93.0,11.0,14.0,3.0,24.86,11.0,7154.4,421.697109375,14.0,0.0,0.0,0.0,3.0,17.0,0.0,0.94,0.0,2.0,1
1.9139382934570317,6.0,18.0,4.0,0.0,0.0,29.8,7.26,19.0,19.0,96.0,86.0,23.0,22.0,10.0,28.75,3.78,1.07,16.0,19.0,4.0,28.04,0.0,6937.6,611.2330859375,18.0,1.0,2.0,0.0,5.0,23.0,0.0,1.05,2.0,5.0,0
1.9105409240722655,3.0,18.0,5.0,0.0,0.0,29.09,4.49,22.0,17.0,95.0,22.0,20.0,23.0,9.0,26.5,4.49,1.13,13.0,15.0,5.0,33.05,0.0,6795.84,590.1129296875,19.0,0.0,0.0,0.0,3.0,20.0,0.0,0.87,0.0,3.0,1
1.2528444671630858,4.0,9.0,5.0,0.0,0.0,25.07,10.81,11.0,11.0,92.0,0.0,19.0,14.0,8.0,27.0,4.6,99.0,15.0,16.0,3.0,26.21,59.0,7302.4,436.468125,17.0,0.0,1.0,0.0,1.0,19.0,0.0,1.36,2.0,5.0,0
1.4871939086914063,6.0,13.0,6.0,0.0,0.0,23.44,3.7,16.0,16.0,93.0,23.0,21.0,19.0,4.0,23.75,3.7,88.0,7.0,18.0,3.0,24.94,0.0,7088.32,489.2546875,15.0,1.0,1.0,0.0,4.0,20.0,0.0,1.11,0.0,1.0,1
1.842179718017578,5.0,18.0,4.0,1.0,0.0,29.76,6.62,22.0,21.0,95.0,33.0,20.0,22.0,4.0,26.0,3.27,87.0,12.0,14.0,5.0,24.88,14.0,6960.32,610.6911328125,15.0,0.0,0.0,0.0,5.0,20.0,0.0,0.91,2.0,6.0,0
1.841021881103516,3.0,19.0,3.0,0.0,0.0,30.01,7.17,11.0,11.0,94.0,51.0,19.0,22.0,2.0,20.25,3.12,100.0,8.0,15.0,4.0,27.04,70.0,6971.2,611.6369140625,17.0,0.0,0.0,1.0,8.0,19.0,0.0,0.86,0.0,1.0,1
1.5517794799804687,4.0,17.0,2.0,0.0,0.0,26.28,6.64,16.0,16.0,96.0,0.0,20.0,19.0,5.0,27.25,3.55,92.0,13.0,15.0,5.0,24.57,29.0,7073.6,505.8895703125,19.0,2.0,1.0,0.0,3.0,20.0,0.0,1.05,2.0,5.0,0
1.945310974121093,4.0,10.0,8.0,1.0,0.0,22.54,4.2,12.0,12.0,95.0,65.0,19.0,18.0,6.0,24.0,4.16,1.03,19.0,15.0,3.0,26.49,0.0,5328.96,616.5077734375,14.0,0.0,0.0,0.0,5.0,19.0,0.0,1.06,2.0,2.0,0
1.7045132446289062,4.0,14.0,3.0,0.0,0.0,19.71,2.71,17.0,11.0,91.0,0.0,17.0,17.0,2.0,20.25,1.9,69.0,7.0,10.0,7.0,20.27,60.0,5340.8,540.05421875,15.0,1.0,1.0,0.0,6.0,17.0,0.0,1.0,1.0,3.0,1
1.7475262451171876,6.0,9.0,9.0,0.0,0.0,21.11,3.03,11.0,4.0,94.0,72.0,22.0,18.0,4.0,25.0,2.11,88.0,10.0,15.0,7.0,25.72,1.0,5283.04,586.71078125,20.0,0.0,0.0,0.0,3.0,20.0,0.0,1.22,1.0,2.0,0
2.1335757446289065,3.0,17.0,6.0,0.0,1.0,27.29,2.85,11.0,6.0,94.0,0.0,14.0,24.0,5.0,19.75,2.66,67.0,9.0,8.0,6.0,19.26,1.15,5064.32,688.707109375,13.0,0.0,0.0,0.0,2.0,14.0,0.0,0.58,2.0,4.0,1
1.3923561096191406,5.0,7.0,1.0,0.0,0.0,12.85,3.35,11.0,10.0,93.0,0.0,18.0,8.0,7.0,22.25,2.77,62.0,5.0,16.0,2.0,18.28,45.0,5851.52,481.329296875,15.0,0.0,1.0,0.0,3.0,18.0,0.0,2.25,1.0,2.0,0
2.037897033691406,3.0,16.0,5.0,0.0,0.0,24.88,3.02,15.0,12.0,94.0,90.0,18.0,21.0,6.0,23.0,2.75,73.0,1.0,10.0,8.0,20.21,0.0,5171.68,628.32796875,14.0,0.0,0.0,0.0,2.0,18.0,0.0,0.86,2.0,3.0,1
1.9594276428222657,4.0,12.0,8.0,0.0,0.0,25.58,5.58,11.0,6.0,97.0,92.0,21.0,20.0,8.0,25.75,3.05,94.0,6.0,14.0,7.0,21.62,54.0,5196.32,641.5386328125,18.0,2.0,0.0,1.0,5.0,21.0,0.0,1.05,0.0,2.0,0
1.8773088073730468,3.0,13.0,5.0,0.0,0.0,21.98,3.98,14.0,6.0,95.0,1.03,15.0,18.0,7.0,22.0,2.25,89.0,8.0,10.0,5.0,21.34,0.0,5232.32,614.2880078125,14.0,0.0,0.0,0.0,2.0,15.0,0.0,0.83,2.0,6.0,1
1.8430097961425784,3.0,15.0,3.0,0.0,0.0,22.13,2.73,15.0,14.0,94.0,0.0,20.0,18.0,6.0,26.75,3.55,87.0,7.0,17.0,3.0,25.5,3.0,8037.28,737.64390625,15.0,0.0,1.0,0.0,1.0,20.0,0.0,1.11,1.0,5.0,0
2.368086700439453,4.0,17.0,3.0,0.0,0.0,26.28,4.28,14.0,10.0,96.0,1.26,22.0,20.0,5.0,25.5,3.35,93.0,7.0,15.0,7.0,23.23,0.0,7808.96,993.2346875,15.0,2.0,1.0,0.0,4.0,22.0,0.0,1.1,1.0,4.0,1
1.8327256774902343,5.0,9.0,6.0,0.0,0.0,21.18,6.18,14.0,10.0,98.0,0.0,20.0,15.0,7.0,23.5,3.84,87.0,7.0,19.0,1.0,23.15,59.0,8160.96,825.411953125,15.0,0.0,7.0,0.0,2.0,21.0,0.0,1.33,1.0,2.0,0
2.3689654541015623,5.0,23.0,1.0,0.0,0.0,29.82,5.82,23.0,12.0,98.0,1.7,22.0,24.0,10.0,26.75,3.3,100.0,14.0,17.0,5.0,25.26,1.1,7766.88,950.7575,17.0,0.0,0.0,1.0,3.0,24.0,0.0,0.92,1.0,0.0,1
2.5790231323242185,7.0,21.0,8.0,0.0,0.0,33.57,3.57,20.0,10.0,96.0,1.09,21.0,29.0,7.0,26.5,2.88,1.01,9.0,16.0,5.0,25.7,1.0,7401.28,1031.22015625,17.0,2.0,3.0,0.0,4.0,21.0,0.0,0.72,1.0,3.0,0
2.050550994873047,3.0,19.0,3.0,0.0,0.0,24.84,2.82,7.0,5.0,95.0,81.0,19.0,22.0,7.0,22.75,2.97,93.0,7.0,13.0,6.0,26.74,0.0,7795.52,839.243359375,15.0,0.0,3.0,2.0,2.0,19.0,0.0,0.86,0.0,2.0,1
2.370351104736328,4.0,19.0,5.0,0.0,0.0,30.74,3.06,18.0,12.0,98.0,92.0,27.0,24.0,4.0,30.0,3.45,1.24,6.0,21.0,6.0,30.89,1.02,7637.12,953.517421875,24.0,0.0,2.0,2.0,8.0,28.0,0.0,1.13,1.0,1.0,0
1.9138577270507808,3.0,14.0,8.0,0.0,0.0,25.42,2.3,21.0,17.0,92.0,0.0,23.0,22.0,4.0,28.25,4.28,1.09,9.0,19.0,4.0,30.74,1.0,7794.88,773.376875,18.0,1.0,2.0,0.0,6.0,23.0,0.0,1.05,1.0,3.0,1
2.4518696594238283,4.0,15.0,5.0,0.0,0.0,25.3,2.95,18.0,11.0,95.0,1.14,23.0,20.0,5.0,29.0,2.8,1.08,9.0,17.0,6.0,29.86,0.0,6142.24,867.569609375,19.0,1.0,1.0,1.0,6.0,23.0,0.0,1.15,1.0,3.0,1
2.3306671142578126,6.0,15.0,4.0,0.0,0.0,26.4,4.95,14.0,8.0,97.0,1.2,22.0,19.0,6.0,24.5,3.89,94.0,8.0,18.0,4.0,26.25,2.0,6201.6,821.11734375,21.0,0.0,2.0,1.0,5.0,21.0,0.0,1.16,2.0,3.0,0
1.964440155029297,5.0,12.0,5.0,0.0,0.0,20.87,3.87,7.0,6.0,98.0,99.0,19.0,17.0,5.0,20.5,4.15,97.0,7.0,14.0,5.0,24.96,1.28,6347.36,737.188046875,16.0,0.0,6.0,0.0,3.0,21.0,0.0,1.12,0.0,0.0,1
1.8524479675292969,3.0,13.0,7.0,0.0,0.0,24.66,4.52,10.0,12.0,90.0,0.0,16.0,20.0,8.0,23.0,3.85,88.0,5.0,10.0,6.0,24.75,29.0,6150.56,645.5850390625,16.0,0.0,2.0,0.0,4.0,16.0,0.0,0.8,2.0,4.0,0
2.4246037292480467,3.0,12.0,9.0,0.0,0.0,25.09,3.09,21.0,18.0,96.0,1.02,19.0,21.0,5.0,22.75,2.94,78.0,5.0,11.0,8.0,20.45,1.0,6044.48,839.05625,18.0,0.0,1.0,0.0,2.0,19.0,0.0,0.9,0.0,3.0,1
2.47425048828125,3.0,18.0,5.0,0.0,0.0,26.78,2.48,17.0,17.0,96.0,1.11,15.0,23.0,5.0,19.0,2.88,64.0,12.0,9.0,6.0,17.36,0.0,5992.16,880.50203125,11.0,1.0,0.0,0.0,3.0,15.0,0.0,0.65,3.0,7.0,0
1.8672360229492184,4.0,14.0,4.0,0.0,0.0,25.28,6.21,8.0,10.0,96.0,44.0,22.0,18.0,7.0,28.0,3.45,1.08,6.0,18.0,4.0,27.25,0.0,6260.48,688.5209375,21.0,2.0,4.0,0.0,5.0,22.0,0.0,1.22,1.0,6.0,1
1.7596994018554688,5.0,14.0,7.0,0.0,0.0,24.99,2.6,5.0,8.0,90.0,0.0,23.0,21.0,8.0,29.5,3.73,18.0,8.0,16.0,7.0,26.89,0.0,6153.6,681.6865625,17.0,0.0,2.0,0.0,2.0,23.0,0.0,1.1,2.0,4.0,0
1.5503648376464845,8.0,22.0,5.0,0.0,0.0,33.33,5.82,24.0,19.0,91.0,0.0,25.0,27.0,9.0,31.5,5.61,1.06,21.0,21.0,4.0,31.44,1.14,7664.48,737.6928125,20.0,1.0,0.0,0.0,4.0,25.0,0.0,0.93,1.0,2.0,0
1.3483570861816403,7.0,14.0,4.0,0.0,0.0,25.42,6.17,20.0,20.0,97.0,0.0,33.0,17.0,10.0,40.75,5.54,1.47,15.0,27.0,6.0,42.39,97.0,8146.88,636.5222265625,28.0,1.0,1.0,0.0,6.0,31.0,0.0,1.94,1.0,2.0,1
1.6032138061523438,4.0,17.0,8.0,0.0,0.0,31.81,6.47,11.0,14.0,96.0,68.0,23.0,25.0,12.0,31.75,5.2,1.26,13.0,18.0,6.0,35.38,51.0,7804.32,743.998515625,21.0,0.0,1.0,0.0,1.0,25.0,0.0,0.92,1.0,2.0,0
1.6855062866210937,4.0,22.0,9.0,0.0,0.0,34.43,3.21,30.0,23.0,96.0,63.0,21.0,31.0,10.0,26.75,4.47,1.11,16.0,13.0,8.0,32.07,34.0,7463.52,737.08203125,18.0,0.0,1.0,0.0,4.0,21.0,0.0,0.68,1.0,1.0,1
1.879015655517578,4.0,21.0,6.0,0.0,0.0,37.18,8.55,23.0,23.0,94.0,83.0,21.0,27.0,9.0,29.75,4.05,95.0,11.0,17.0,4.0,25.17,81.0,7538.88,863.5803125,15.0,1.0,0.0,1.0,3.0,21.0,0.0,0.78,2.0,7.0,0
1.6035096740722656,5.0,17.0,4.0,0.0,0.0,32.15,9.26,21.0,20.0,91.0,1.88,24.0,21.0,8.0,31.25,4.76,1.27,16.0,20.0,4.0,28.78,35.0,8002.4,784.34609375,22.0,0.0,1.0,2.0,3.0,25.0,0.0,1.14,1.0,3.0,1
1.8772245788574216,4.0,21.0,6.0,0.0,0.0,36.88,7.88,25.0,17.0,94.0,1.26,30.0,27.0,11.0,42.75,4.79,1.39,12.0,21.0,9.0,36.63,10.0,7561.44,881.4553125,27.0,1.0,0.0,1.0,6.0,30.0,0.0,1.11,2.0,6.0,0
1.848690185546875,4.0,24.0,6.0,0.0,0.0,38.28,6.86,24.0,22.0,97.0,0.0,28.0,30.0,6.0,33.5,4.48,1.25,17.0,21.0,7.0,33.4,0.0,7489.92,813.89703125,24.0,1.0,1.0,1.0,6.0,28.0,0.0,0.93,1.0,3.0,1
1.801937561035156,6.0,11.0,4.0,0.0,0.0,20.91,4.56,17.0,16.0,94.0,0.0,25.0,15.0,5.0,27.75,2.86,86.0,11.0,23.0,2.0,25.19,31.0,7177.6,784.2465625,18.0,0.0,2.0,0.0,4.0,23.0,0.0,1.67,2.0,4.0,0
1.708354949951172,5.0,11.0,7.0,0.0,1.0,24.97,4.91,20.0,9.0,95.0,0.0,20.0,19.0,4.0,24.75,2.72,90.0,7.0,16.0,4.0,23.58,77.0,6999.52,721.275625,16.0,0.0,3.0,1.0,3.0,20.0,0.0,1.05,2.0,3.0,1
1.975503387451172,4.0,16.0,3.0,1.0,0.0,23.51,4.18,7.0,5.0,93.0,1.49,31.0,19.0,5.0,34.5,4.28,1.55,13.0,21.0,9.0,37.48,0.0,7037.12,850.450234375,18.0,1.0,0.0,0.0,7.0,30.0,0.0,1.63,0.0,2.0,0
1.5307754516601562,3.0,16.0,3.0,0.0,0.0,23.62,4.42,16.0,13.0,91.0,0.0,10.0,19.0,4.0,12.25,2.56,56.0,7.0,9.0,1.0,14.96,26.0,6722.72,662.626484375,10.0,0.0,0.0,0.0,1.0,11.0,0.0,0.53,1.0,2.0,1
1.4413859558105468,4.0,9.0,3.0,0.0,0.0,16.01,2.33,14.0,13.0,91.0,0.0,16.0,12.0,8.0,23.25,3.71,75.0,12.0,13.0,3.0,21.07,93.0,7355.2,616.233515625,14.0,0.0,2.0,0.0,3.0,17.0,0.0,1.33,3.0,11.0,0
2.087952423095703,3.0,20.0,8.0,0.0,0.0,32.87,4.37,17.0,14.0,95.0,92.0,21.0,28.0,4.0,24.25,3.53,1.02,13.0,16.0,5.0,25.78,26.0,6463.84,860.910234375,18.0,2.0,0.0,2.0,2.0,21.0,0.0,0.75,0.0,0.0,1
2.054575958251953,4.0,21.0,6.0,0.0,0.0,32.7,4.55,13.0,12.0,98.0,1.15,21.0,27.0,8.0,24.25,4.29,1.21,14.0,12.0,9.0,29.89,0.0,6593.44,808.056015625,18.0,1.0,0.0,0.0,3.0,21.0,0.0,0.78,2.0,2.0,0
2.095045776367188,4.0,22.0,5.0,0.0,0.0,33.46,6.09,15.0,14.0,95.0,1.1,22.0,27.0,2.0,24.25,2.92,97.0,8.0,16.0,6.0,27.57,0.0,6481.44,777.42953125,19.0,0.0,0.0,0.0,6.0,20.0,0.0,0.81,2.0,5.0,1
2.0839907836914064,3.0,11.0,11.0,1.0,0.0,25.64,3.54,10.0,11.0,97.0,1.4,21.0,22.0,11.0,28.75,3.75,98.0,10.0,15.0,5.0,27.77,2.0,6503.04,807.349921875,17.0,0.0,0.0,0.0,4.0,21.0,0.0,0.95,1.0,3.0,1
1.9247293090820312,4.0,13.0,8.0,0.0,0.0,29.88,8.28,13.0,9.0,93.0,1.17,21.0,21.0,11.0,28.25,3.48,1.06,16.0,14.0,7.0,27.73,1.0,6578.24,785.16359375,16.0,1.0,0.0,1.0,3.0,21.0,0.0,1.0,2.0,6.0,0
1.8502935791015624,2.0,14.0,9.0,0.0,0.0,28.16,5.16,14.0,13.0,88.0,0.0,19.0,23.0,11.0,28.75,3.04,85.0,11.0,13.0,6.0,24.96,43.0,6088.16,724.252421875,16.0,1.0,1.0,0.0,3.0,19.0,0.0,0.83,3.0,8.0,1
1.9830729675292968,4.0,20.0,4.0,0.0,0.0,26.88,2.64,16.0,9.0,92.0,42.0,26.0,24.0,3.0,30.75,2.85,1.12,7.0,19.0,7.0,29.35,40.0,6144.64,775.329140625,19.0,0.0,2.0,0.0,5.0,26.0,0.0,1.08,2.0,4.0,0
2.326540985107422,3.0,18.0,4.0,0.0,0.0,26.59,3.35,21.0,18.0,98.0,1.41,26.0,22.0,12.0,32.25,3.68,1.08,13.0,16.0,10.0,27.72,67.0,6480.8,929.1975,20.0,0.0,0.0,1.0,2.0,26.0,0.0,1.18,2.0,4.0,1
1.944963531494141,3.0,15.0,10.0,0.0,0.0,28.69,3.46,22.0,18.0,97.0,0.0,20.0,25.0,7.0,26.5,3.25,81.0,6.0,15.0,5.0,24.3,0.0,6234.72,740.44046875,15.0,1.0,0.0,1.0,4.0,20.0,0.0,0.8,3.0,5.0,0
2.109142303466797,3.0,25.0,5.0,0.0,0.0,32.69,2.69,19.0,14.0,92.0,0.0,26.0,30.0,7.0,31.75,3.22,1.18,7.0,16.0,10.0,34.42,0.0,6027.84,818.180390625,21.0,0.0,3.0,0.0,6.0,26.0,0.0,0.87,1.0,0.0,1
1.95876708984375,5.0,12.0,9.0,0.0,1.0,29.86,7.11,15.0,11.0,94.0,1.06,30.0,22.0,5.0,36.25,3.7,1.17,11.0,20.0,10.0,30.58,3.0,6506.72,764.079296875,24.0,1.0,0.0,0.0,7.0,30.0,0.0,1.36,2.0,7.0,0
2.0105075073242187,7.0,19.0,5.0,0.0,0.0,34.32,9.74,23.0,21.0,96.0,1.82,28.0,24.0,13.0,37.0,5.41,1.41,14.0,25.0,3.0,39.17,2.0,8589.6,978.184375,22.0,0.0,4.0,0.0,2.0,28.0,0.0,1.17,2.0,5.0,0
1.815750274658203,3.0,19.0,2.0,0.0,0.0,29.0,7.64,8.0,15.0,90.0,0.0,19.0,21.0,8.0,22.75,4.34,90.0,5.0,18.0,1.0,24.64,0.0,8748.8,946.640703125,15.0,0.0,4.0,0.0,2.0,19.0,0.0,0.9,0.0,0.0,1
2.319833831787109,4.0,19.0,13.0,0.0,0.0,35.45,3.07,20.0,10.0,91.0,1.33,25.0,32.0,11.0,34.5,4.62,1.33,12.0,16.0,9.0,31.62,32.0,8166.08,1142.01515625,20.0,0.0,5.0,1.0,5.0,25.0,0.0,0.78,2.0,5.0,0
2.447545166015625,4.0,18.0,11.0,0.0,0.0,36.72,7.0,26.0,18.0,98.0,1.63,33.0,29.0,13.0,42.0,6.32,1.57,18.0,21.0,12.0,38.28,3.0,8352.16,1238.535,27.0,0.0,0.0,1.0,6.0,33.0,0.0,1.14,2.0,4.0,1
1.893070373535156,2.0,19.0,4.0,0.0,0.0,34.71,10.68,24.0,20.0,93.0,0.0,22.0,23.0,10.0,30.5,4.16,1.2,11.0,17.0,5.0,32.26,1.0,8646.72,969.222734375,18.0,0.0,4.0,0.0,6.0,22.0,0.0,0.96,2.0,3.0,0
1.93291244506836,3.0,21.0,6.0,0.0,0.0,33.92,6.48,25.0,25.0,90.0,0.0,24.0,27.0,9.0,33.75,5.87,1.47,16.0,18.0,6.0,39.13,3.0,8409.76,929.337421875,18.0,0.0,2.0,0.0,6.0,24.0,0.0,0.89,2.0,3.0,1
2.320879364013672,7.0,27.0,10.0,0.0,0.0,41.94,4.68,11.0,5.0,92.0,1.72,30.0,37.0,3.0,32.0,4.39,1.24,8.0,21.0,9.0,31.46,0.0,7876.8,1112.28296875,23.0,3.0,2.0,3.0,7.0,29.0,0.0,0.81,0.0,2.0,0
2.374104919433593,4.0,21.0,7.0,0.0,0.0,34.95,5.3,21.0,18.0,96.0,1.73,40.0,28.0,5.0,45.75,4.95,1.74,18.0,27.0,13.0,44.02,2.0,8339.84,1182.251796875,31.0,2.0,0.0,2.0,3.0,40.0,0.0,1.43,2.0,3.0,1
2.223069763183593,7.0,20.0,6.0,0.0,0.0,31.97,2.88,22.0,16.0,98.0,42.0,22.0,26.0,9.0,28.25,3.16,1.02,15.0,13.0,9.0,27.13,1.0,4991.2,690.56296875,16.0,0.0,0.0,1.0,3.0,22.0,0.0,0.85,0.0,0.0,0
1.9505552673339843,7.0,11.0,5.0,0.0,0.0,23.48,5.94,19.0,18.0,99.0,0.0,22.0,16.0,10.0,27.75,3.24,92.0,10.0,15.0,7.0,28.69,12.0,5416.16,582.1895703125,18.0,1.0,0.0,0.0,2.0,22.0,0.0,1.38,0.0,2.0,1
2.153253479003906,4.0,17.0,5.0,0.0,0.0,28.97,5.73,23.0,19.0,96.0,92.0,23.0,22.0,6.0,26.75,3.65,89.0,13.0,14.0,9.0,23.71,0.0,5152.48,665.91359375,20.0,0.0,0.0,1.0,5.0,23.0,0.0,1.05,0.0,1.0,0
2.055926666259765,7.0,13.0,8.0,0.0,0.0,24.31,2.17,15.0,13.0,92.0,66.0,21.0,21.0,11.0,28.5,3.48,1.02,5.0,15.0,6.0,28.45,1.03,5203.68,609.4123828125,14.0,2.0,0.0,0.0,2.0,21.0,0.0,1.0,0.0,3.0,1
1.7840200805664062,5.0,14.0,4.0,0.0,0.0,23.1,4.2,8.0,12.0,93.0,0.0,20.0,18.0,8.0,25.75,3.78,1.1,9.0,17.0,3.0,26.66,35.0,5394.72,574.2660546875,17.0,0.0,2.0,0.0,3.0,20.0,0.0,1.11,0.0,1.0,0
1.657700347900391,4.0,17.0,5.0,0.0,0.0,27.53,5.53,19.0,23.0,95.0,0.0,22.0,22.0,8.0,27.5,3.44,93.0,14.0,16.0,6.0,28.17,1.0,5153.6,519.853359375,16.0,0.0,0.0,0.0,5.0,22.0,0.0,1.0,0.0,0.0,1
1.949839324951172,3.0,17.0,8.0,0.0,0.0,33.28,5.34,20.0,22.0,93.0,0.0,19.0,25.0,10.0,25.75,4.14,93.0,10.0,12.0,7.0,25.34,74.0,5014.24,609.8611328125,16.0,1.0,1.0,1.0,1.0,19.0,0.0,0.76,0.0,0.0,0
2.055458526611328,12.0,15.0,10.0,0.0,0.0,28.94,3.87,11.0,9.0,96.0,33.0,26.0,25.0,8.0,31.5,3.62,1.2,7.0,22.0,4.0,30.91,26.0,5037.6,633.10671875,20.0,1.0,0.0,0.0,2.0,26.0,0.0,1.04,0.0,1.0,1
2.14634521484375,5.0,13.0,4.0,0.0,0.0,21.72,2.88,12.0,13.0,96.0,1.03,16.0,17.0,7.0,19.75,2.44,68.0,9.0,12.0,4.0,20.07,0.0,4964.0,674.8996875,8.0,1.0,0.0,2.0,4.0,16.0,0.0,0.94,3.0,5.0,1
1.8068853759765624,4.0,12.0,6.0,0.0,0.0,23.79,3.21,18.0,15.0,92.0,76.0,11.0,17.0,4.0,14.75,2.09,54.0,3.0,8.0,3.0,18.13,1.0,4908.48,552.662578125,7.0,0.0,0.0,0.0,1.0,10.0,0.0,0.65,1.0,2.0,0
2.2751788330078124,5.0,13.0,5.0,0.0,0.0,22.72,3.48,16.0,7.0,96.0,1.85,20.0,18.0,6.0,25.25,3.23,97.0,9.0,14.0,6.0,25.73,2.0,4953.92,690.174453125,13.0,0.0,0.0,2.0,2.0,20.0,0.0,1.11,1.0,6.0,1
2.457964782714844,4.0,16.0,3.0,0.0,0.0,24.46,4.74,14.0,10.0,97.0,95.0,22.0,19.0,4.0,26.0,3.23,99.0,17.0,18.0,4.0,23.6,1.0,4915.04,745.05625,17.0,0.0,2.0,0.0,5.0,22.0,0.0,1.16,1.0,0.0,0
1.7012249755859374,3.0,11.0,2.0,0.0,0.0,19.45,5.48,11.0,10.0,95.0,0.0,18.0,13.0,5.0,25.25,2.44,87.0,10.0,17.0,2.0,23.13,0.0,5177.12,519.00265625,17.0,0.0,1.0,0.0,4.0,19.0,0.0,1.38,3.0,7.0,1
2.2701153564453125,5.0,13.0,5.0,0.0,0.0,22.19,3.59,11.0,3.0,95.0,99.0,18.0,18.0,6.0,21.75,3.19,95.0,8.0,12.0,6.0,22.23,1.0,4945.92,650.8225390625,15.0,2.0,0.0,2.0,2.0,18.0,0.0,1.0,1.0,1.0,0
1.89648666381836,4.0,12.0,6.0,0.0,0.0,22.3,2.77,18.0,16.0,93.0,0.0,16.0,18.0,5.0,20.75,3.13,75.0,10.0,10.0,6.0,19.91,63.0,4916.32,570.1023828125,14.0,0.0,1.0,0.0,6.0,17.0,0.0,0.89,4.0,7.0,1
1.891976318359375,4.0,12.0,4.0,0.0,0.0,19.72,2.74,13.0,11.0,94.0,45.0,15.0,16.0,9.0,21.0,2.82,76.0,9.0,11.0,4.0,21.58,1.29,5010.4,556.6003515625,11.0,0.0,0.0,0.0,4.0,16.0,0.0,0.94,1.0,3.0,0
2.316607360839844,6.0,13.0,1.0,0.0,0.0,18.95,4.25,10.0,8.0,96.0,89.0,15.0,14.0,4.0,19.25,2.64,75.0,4.0,14.0,1.0,20.12,0.0,5066.24,659.595234375,14.0,0.0,3.0,0.0,1.0,15.0,0.0,1.07,1.0,2.0,0
2.351124420166016,4.0,16.0,6.0,0.0,0.0,23.98,1.46,12.0,12.0,95.0,38.0,12.0,22.0,5.0,17.75,2.4,59.0,7.0,7.0,5.0,16.58,1.0,4647.68,668.06265625,7.0,0.0,1.0,0.0,2.0,12.0,0.0,0.55,3.0,6.0,1
1.856722869873047,5.0,12.0,4.0,0.0,0.0,21.72,4.83,10.0,9.0,90.0,0.0,18.0,16.0,6.0,23.75,3.19,92.0,8.0,14.0,4.0,24.17,0.0,5006.88,524.863828125,14.0,1.0,7.0,0.0,4.0,18.0,0.0,1.13,1.0,2.0,0
1.6864241027832032,4.0,9.0,4.0,0.0,0.0,19.0,5.9,9.0,8.0,91.0,0.0,15.0,13.0,4.0,17.5,2.21,66.0,5.0,12.0,3.0,17.9,28.0,5149.92,555.4598046875,11.0,1.0,3.0,0.0,1.0,15.0,0.0,1.15,1.0,4.0,1
2.477653350830078,3.0,13.0,5.0,0.0,0.0,21.88,3.88,17.0,16.0,94.0,71.0,15.0,18.0,3.0,19.5,2.73,75.0,7.0,9.0,6.0,20.6,35.0,4891.36,692.684609375,10.0,1.0,2.0,1.0,1.0,15.0,0.0,0.83,1.0,3.0,0
2.1069900512695314,5.0,9.0,2.0,0.0,0.0,16.74,4.42,11.0,11.0,91.0,1.14,27.0,11.0,2.0,32.0,3.51,1.09,3.0,23.0,4.0,27.12,0.0,5224.32,625.3981640625,21.0,0.0,2.0,1.0,5.0,26.0,0.0,2.45,4.0,8.0,1
2.4522422790527343,3.0,14.0,5.0,0.0,0.0,21.98,2.84,13.0,10.0,98.0,0.0,14.0,18.0,4.0,16.25,2.67,71.0,5.0,9.0,5.0,18.27,98.0,4833.44,711.555,12.0,0.0,1.0,0.0,2.0,14.0,0.0,0.78,0.0,0.0,0
2.001474914550781,3.0,12.0,4.0,0.0,0.0,23.74,7.14,15.0,14.0,93.0,0.0,12.0,16.0,13.0,20.0,3.84,80.0,19.0,10.0,3.0,21.6,1.0,4962.88,568.411953125,13.0,0.0,4.0,0.0,2.0,13.0,0.0,0.75,3.0,5.0,1
1.5125971984863282,5.0,4.0,2.0,0.0,0.0,15.22,7.96,9.0,8.0,95.0,1.11,19.0,6.0,3.0,21.25,3.38,85.0,8.0,18.0,1.0,22.55,0.0,4950.08,439.707578125,17.0,0.0,4.0,0.0,5.0,19.0,0.0,3.17,0.0,0.0,1
2.0876838684082037,2.0,11.0,5.0,0.0,0.0,19.59,2.57,11.0,9.0,93.0,0.0,10.0,16.0,7.0,15.5,2.49,66.0,9.0,9.0,1.0,19.34,0.0,4475.2,582.015703125,10.0,1.0,2.0,0.0,4.0,10.0,0.0,0.63,1.0,3.0,0
2.3345298767089844,4.0,11.0,3.0,0.0,0.0,19.43,3.88,16.0,12.0,96.0,99.0,16.0,14.0,6.0,21.25,2.52,75.0,5.0,11.0,5.0,19.52,0.0,4522.56,640.194765625,13.0,0.0,0.0,1.0,6.0,16.0,0.0,1.14,1.0,2.0,1
2.162027282714844,3.0,15.0,1.0,0.0,0.0,22.52,5.72,11.0,7.0,100.0,0.0,10.0,16.0,5.0,14.0,2.73,67.0,9.0,8.0,2.0,17.47,30.0,4454.24,521.9418359375,9.0,0.0,1.0,0.0,1.0,10.0,0.0,0.63,1.0,0.0,0
2.187392272949219,4.0,9.0,2.0,0.0,0.0,16.46,4.77,10.0,7.0,97.0,97.0,15.0,11.0,5.0,17.0,2.15,69.0,2.0,11.0,4.0,17.57,29.0,4688.64,644.1333203125,14.0,0.0,0.0,1.0,3.0,15.0,0.0,1.36,2.0,5.0,1
2.2390676879882805,5.0,16.0,4.0,0.0,0.0,21.84,91.0,12.0,8.0,95.0,54.0,15.0,20.0,3.0,19.5,2.18,70.0,6.0,9.0,6.0,17.5,1.01,4212.16,559.611953125,12.0,2.0,1.0,0.0,5.0,16.0,0.0,0.75,1.0,0.0,0
2.1243170166015624,4.0,11.0,2.0,0.0,0.0,15.13,1.28,12.0,11.0,97.0,0.0,18.0,13.0,3.0,20.75,3.32,89.0,9.0,14.0,4.0,23.16,1.0,4623.04,585.20828125,16.0,0.0,5.0,0.0,3.0,18.0,0.0,1.38,1.0,3.0,1
2.469605712890625,2.0,12.0,4.0,0.0,0.0,20.19,2.23,12.0,5.0,98.0,76.0,9.0,16.0,5.0,13.5,1.38,44.0,4.0,9.0,0.0,11.63,3.0,4373.12,641.3718359375,7.0,0.0,0.0,1.0,3.0,9.0,0.0,0.56,1.0,2.0,0
1.6172128295898438,5.0,12.0,5.0,0.0,0.0,21.43,4.07,16.0,16.0,97.0,88.0,21.0,17.0,9.0,26.0,3.22,1.08,11.0,19.0,2.0,30.39,29.0,5951.84,548.7653515625,20.0,1.0,1.0,0.0,3.0,21.0,0.0,1.24,1.0,2.0,1
1.8775791931152344,7.0,19.0,6.0,0.0,0.0,32.99,7.99,14.0,14.0,94.0,31.0,20.0,25.0,7.0,24.75,3.56,93.0,6.0,15.0,5.0,25.76,0.0,5438.08,623.056328125,14.0,0.0,0.0,1.0,5.0,20.0,0.0,0.8,1.0,1.0,0
1.77468017578125,4.0,19.0,3.0,0.0,0.0,26.75,4.08,14.0,14.0,92.0,0.0,17.0,22.0,4.0,23.0,2.77,93.0,8.0,14.0,3.0,23.49,30.0,5592.32,616.2071875,16.0,0.0,0.0,0.0,3.0,17.0,0.0,0.77,1.0,3.0,1
1.5521940612792968,7.0,17.0,3.0,0.0,0.0,27.22,7.22,12.0,14.0,94.0,5.0,19.0,20.0,9.0,26.75,3.2,98.0,14.0,15.0,4.0,26.83,0.0,5674.24,506.622890625,16.0,0.0,1.0,0.0,2.0,19.0,0.0,0.95,1.0,2.0,0
1.405260009765625,4.0,9.0,6.0,0.0,0.0,25.18,8.62,12.0,16.0,93.0,0.0,21.0,15.0,6.0,25.0,4.55,1.02,6.0,16.0,5.0,28.57,90.0,5995.04,496.026328125,21.0,1.0,2.0,0.0,3.0,21.0,0.0,1.4,1.0,3.0,1
1.6253494262695312,3.0,20.0,1.0,0.0,1.0,28.23,5.93,20.0,19.0,96.0,0.0,21.0,22.0,4.0,25.25,4.58,1.1,11.0,17.0,4.0,29.96,2.0,5781.12,551.851171875,20.0,1.0,2.0,0.0,3.0,21.0,0.0,0.95,0.0,0.0,0
1.863822479248047,13.0,16.0,2.0,1.0,0.0,26.94,7.42,12.0,7.0,95.0,1.16,34.0,18.0,4.0,36.0,4.27,1.44,19.0,27.0,6.0,35.49,0.0,5857.92,637.5790625,31.0,1.0,0.0,3.0,6.0,34.0,0.0,1.89,0.0,0.0,1
1.6938882446289063,2.0,20.0,6.0,0.0,0.0,29.53,3.53,10.0,9.0,90.0,23.0,12.0,26.0,7.0,17.25,2.4,65.0,8.0,9.0,3.0,16.26,1.0,5314.24,549.279765625,11.0,0.0,1.0,1.0,1.0,12.0,0.0,0.46,1.0,3.0,0
2.107453918457032,3.0,13.0,3.0,0.0,0.0,19.42,3.42,14.0,6.0,95.0,0.0,11.0,16.0,1.0,11.75,2.35,59.0,6.0,8.0,3.0,14.54,95.0,3981.12,467.0725,10.0,0.0,4.0,0.0,4.0,11.0,0.0,0.69,0.0,2.0,1
2.077497863769531,4.0,6.0,4.0,0.0,0.0,17.01,7.01,9.0,6.0,96.0,77.0,16.0,10.0,7.0,23.25,2.38,76.0,4.0,15.0,1.0,19.76,72.0,4367.2,556.1128515625,13.0,0.0,1.0,1.0,3.0,17.0,0.0,1.6,3.0,7.0,0
2.224962768554688,3.0,9.0,4.0,0.0,0.0,15.74,2.52,11.0,11.0,97.0,60.0,14.0,13.0,2.0,16.0,2.88,80.0,6.0,11.0,3.0,22.1,1.0,4134.08,522.178125,11.0,0.0,3.0,0.0,2.0,14.0,0.0,1.08,0.0,1.0,1
1.7996658325195312,3.0,7.0,4.0,0.0,0.0,17.94,5.94,8.0,7.0,95.0,0.0,13.0,11.0,6.0,20.75,2.58,55.0,10.0,10.0,3.0,16.05,60.0,4188.16,448.5676953125,12.0,0.0,3.0,0.0,3.0,13.0,0.0,1.18,4.0,9.0,0
2.557908782958984,2.0,14.0,3.0,0.0,0.0,19.63,1.3,9.0,12.0,94.0,64.0,14.0,17.0,1.0,16.25,1.79,61.0,4.0,10.0,4.0,16.86,0.0,4008.8,592.1285546875,11.0,0.0,0.0,0.0,5.0,14.0,0.0,0.82,0.0,0.0,1
2.241668395996093,4.0,12.0,1.0,0.0,0.0,16.8,3.8,11.0,9.0,95.0,82.0,14.0,13.0,5.0,17.25,2.44,78.0,7.0,11.0,3.0,18.19,0.0,4150.08,555.48171875,6.0,1.0,0.0,0.0,1.0,14.0,0.0,1.08,3.0,6.0,0
2.4920294189453127,3.0,13.0,4.0,0.0,0.0,18.92,1.14,11.0,7.0,95.0,40.0,7.0,17.0,1.0,7.5,1.73,50.0,3.0,5.0,2.0,11.8,0.0,3929.12,606.360390625,6.0,0.0,1.0,0.0,2.0,7.0,0.0,0.41,0.0,0.0,1
2.0783572387695317,3.0,9.0,3.0,0.0,0.0,15.3,3.29,11.0,8.0,96.0,0.0,20.0,12.0,6.0,26.5,2.48,75.0,9.0,13.0,7.0,18.69,43.0,4239.04,550.78703125,12.0,2.0,2.0,0.0,2.0,20.0,0.0,1.67,3.0,8.0,0
1.85093490600586,4.0,9.0,4.0,0.0,0.0,19.84,6.84,12.0,11.0,93.0,0.0,13.0,13.0,7.0,19.5,2.46,65.0,4.0,10.0,3.0,19.34,1.0,4172.96,461.22359375,11.0,0.0,1.0,0.0,1.0,13.0,0.0,1.0,1.0,3.0,0
1.90978759765625,2.0,17.0,3.0,0.0,1.0,23.4,1.4,19.0,15.0,94.0,0.0,13.0,21.0,9.0,19.5,2.62,74.0,9.0,7.0,6.0,21.68,1.0,3765.28,458.3408984375,11.0,0.0,1.0,0.0,3.0,13.0,0.0,0.62,1.0,3.0,1
1.933592224121093,6.0,5.0,6.0,1.0,0.0,16.77,5.61,6.0,9.0,89.0,1.15,25.0,11.0,4.0,29.75,2.91,1.08,9.0,19.0,5.0,27.17,1.0,4278.24,491.012578125,17.0,1.0,1.0,1.0,5.0,25.0,0.0,2.27,1.0,2.0,0
1.728379669189453,3.0,16.0,2.0,0.0,0.0,20.15,2.15,6.0,9.0,89.0,45.0,15.0,18.0,2.0,18.5,2.0,59.0,3.0,7.0,8.0,16.16,0.0,3744.0,427.9073046875,11.0,1.0,0.0,1.0,5.0,15.0,0.0,0.83,1.0,3.0,1
1.530785369873047,6.0,5.0,6.0,0.0,0.0,16.38,4.44,11.0,12.0,93.0,0.0,22.0,11.0,6.0,27.5,3.26,85.0,6.0,19.0,3.0,22.07,1.64,4278.88,374.9785546875,18.0,0.0,2.0,0.0,4.0,22.0,0.0,2.0,1.0,3.0,0
1.741307830810547,2.0,17.0,5.0,0.0,1.0,24.22,1.22,16.0,13.0,93.0,0.0,8.0,23.0,8.0,12.5,2.55,54.0,3.0,3.0,5.0,17.22,1.0,3672.8,404.648125,8.0,1.0,0.0,0.0,1.0,8.0,0.0,0.35,0.0,0.0,1
1.9292512512207032,4.0,5.0,10.0,1.0,0.0,20.61,4.41,3.0,5.0,94.0,74.0,23.0,15.0,5.0,24.0,2.96,93.0,8.0,17.0,5.0,21.77,0.0,4078.24,488.0998046875,22.0,0.0,0.0,1.0,5.0,23.0,0.0,1.53,1.0,2.0,0
1.867541656494141,3.0,15.0,6.0,0.0,0.0,22.98,1.98,10.0,17.0,93.0,45.0,14.0,21.0,6.0,18.5,2.32,58.0,6.0,7.0,7.0,16.88,38.0,3720.8,426.911484375,12.0,0.0,0.0,0.0,2.0,15.0,0.0,0.67,1.0,3.0,1
2.0771319580078127,2.0,17.0,7.0,0.0,0.0,29.44,3.32,20.0,23.0,99.0,25.0,17.0,24.0,6.0,21.5,2.24,66.0,16.0,9.0,8.0,20.14,3.0,5222.24,634.47671875,14.0,0.0,0.0,0.0,3.0,17.0,0.0,0.71,0.0,2.0,1
2.161847686767578,6.0,16.0,6.0,0.0,0.0,28.16,5.17,20.0,18.0,97.0,51.0,28.0,22.0,5.0,31.5,4.26,1.2,10.0,21.0,7.0,30.99,47.0,5461.28,671.5746875,24.0,2.0,0.0,0.0,4.0,27.0,0.0,1.27,0.0,1.0,0
1.55354248046875,6.0,12.0,5.0,0.0,0.0,25.59,7.7,12.0,18.0,95.0,0.0,23.0,17.0,6.0,28.0,4.38,100.0,8.0,19.0,4.0,27.84,100.0,5639.52,490.423828125,21.0,1.0,3.0,0.0,4.0,24.0,0.0,1.35,0.0,0.0,1
1.787612762451172,2.0,14.0,9.0,0.0,0.0,29.41,4.12,9.0,17.0,89.0,0.0,16.0,23.0,10.0,22.25,4.33,85.0,8.0,11.0,5.0,22.6,91.0,5370.24,570.4275,15.0,0.0,0.0,1.0,2.0,16.0,0.0,0.7,0.0,2.0,0
2.185998229980469,3.0,21.0,8.0,0.0,0.0,31.51,1.59,25.0,23.0,94.0,73.0,25.0,29.0,11.0,33.75,3.84,1.25,13.0,16.0,9.0,32.13,0.0,5039.36,692.91546875,20.0,2.0,0.0,0.0,2.0,25.0,0.0,0.86,0.0,2.0,1
2.163280792236328,4.0,14.0,7.0,0.0,0.0,27.05,4.16,10.0,14.0,97.0,63.0,20.0,21.0,8.0,25.75,3.35,1.04,11.0,13.0,7.0,25.21,1.0,5401.76,685.65984375,19.0,0.0,1.0,2.0,4.0,20.0,0.0,0.95,0.0,0.0,0
1.6538890075683594,3.0,17.0,5.0,0.0,0.0,28.88,6.86,17.0,13.0,93.0,0.0,19.0,22.0,7.0,25.0,4.75,1.05,12.0,13.0,7.0,27.11,30.0,5392.0,524.787109375,16.0,0.0,1.0,0.0,4.0,20.0,0.0,0.86,0.0,0.0,1
1.6628828430175782,4.0,13.0,6.0,0.0,0.0,24.64,5.63,5.0,5.0,96.0,0.0,28.0,18.0,8.0,32.5,4.13,23.0,17.0,22.0,6.0,35.29,65.0,5611.68,532.3269921875,25.0,0.0,0.0,0.0,9.0,29.0,0.0,1.56,0.0,3.0,0
1.6634193420410155,7.0,13.0,9.0,1.0,0.0,26.92,3.11,20.0,17.0,95.0,0.0,33.0,22.0,7.0,39.0,4.54,1.32,15.0,27.0,5.0,35.97,30.0,8694.4,795.4965625,31.0,0.0,5.0,0.0,6.0,33.0,0.0,1.5,3.0,6.0,0
2.257222900390625,3.0,22.0,13.0,0.0,1.0,40.04,2.86,30.0,22.0,94.0,1.12,22.0,36.0,10.0,31.5,3.6,1.09,5.0,16.0,6.0,27.65,5.0,7934.72,1148.491171875,17.0,0.0,0.0,0.0,6.0,22.0,0.0,0.61,3.0,7.0,1
1.8569786071777343,3.0,22.0,6.0,0.0,0.0,35.26,6.57,27.0,18.0,93.0,10.0,20.0,28.0,10.0,27.0,4.37,100.0,8.0,15.0,5.0,27.16,31.0,8358.88,918.332421875,15.0,1.0,0.0,0.0,5.0,20.0,0.0,0.71,1.0,2.0,0
1.6072470092773437,5.0,21.0,3.0,0.0,0.0,30.0,6.0,15.0,10.0,97.0,0.0,25.0,24.0,6.0,30.75,4.08,1.02,9.0,18.0,7.0,26.33,0.0,8557.76,825.353125,20.0,0.0,1.0,0.0,5.0,25.0,0.0,1.04,1.0,5.0,1
2.0512098693847656,5.0,17.0,8.0,1.0,0.0,28.96,3.28,21.0,10.0,96.0,1.44,34.0,25.0,5.0,37.25,4.48,1.36,17.0,23.0,10.0,36.05,3.0,8547.52,1049.38734375,28.0,3.0,0.0,0.0,8.0,33.0,0.0,1.36,1.0,3.0,0
1.85017318725586,3.0,21.0,5.0,0.0,1.0,32.2,4.89,24.0,18.0,92.0,1.56,28.0,27.0,5.0,37.25,4.71,1.26,16.0,17.0,11.0,32.08,0.0,8473.76,951.068203125,23.0,0.0,0.0,0.0,6.0,27.0,0.0,1.04,3.0,9.0,1
1.8910142517089843,4.0,18.0,6.0,0.0,0.0,30.87,6.87,12.0,13.0,92.0,2.14,28.0,24.0,9.0,35.25,4.37,1.31,19.0,20.0,8.0,38.02,1.0,8602.56,974.999375,26.0,1.0,1.0,1.0,2.0,28.0,0.0,1.17,1.0,3.0,0
1.7695872497558591,3.0,21.0,7.0,0.0,0.0,36.01,7.53,16.0,17.0,93.0,1.23,24.0,28.0,9.0,31.75,4.02,1.25,9.0,19.0,5.0,35.3,100.0,8277.92,857.66703125,23.0,0.0,3.0,0.0,5.0,24.0,0.0,0.86,3.0,9.0,1
2.19884033203125,3.0,8.0,3.0,0.0,0.0,14.71,3.21,10.0,8.0,98.0,0.0,7.0,11.0,2.0,8.75,1.57,40.0,7.0,7.0,0.0,10.58,68.0,3294.4,415.114609375,6.0,0.0,3.0,0.0,1.0,7.0,0.0,0.64,0.0,0.0,0
1.7912161254882812,4.0,9.0,0.0,0.0,0.0,14.24,4.44,8.0,7.0,98.0,62.0,9.0,9.0,1.0,9.75,1.78,46.0,3.0,6.0,3.0,12.98,0.0,3440.0,378.232109375,8.0,0.0,5.0,0.0,3.0,9.0,0.0,1.0,1.0,1.0,1
2.597152709960937,3.0,13.0,0.0,0.0,0.0,14.59,1.59,4.0,1.0,96.0,52.0,8.0,13.0,2.0,9.0,1.69,45.0,2.0,5.0,3.0,11.88,0.0,3240.16,470.921328125,7.0,0.0,1.0,0.0,1.0,8.0,0.0,0.62,0.0,0.0,0
2.326968688964844,3.0,6.0,4.0,0.0,0.0,14.5,3.1,9.0,7.0,95.0,70.0,10.0,10.0,2.0,14.25,1.29,48.0,3.0,9.0,1.0,12.68,0.0,3346.24,448.979609375,9.0,1.0,0.0,1.0,1.0,10.0,0.0,1.0,4.0,9.0,1
2.18066146850586,1.0,9.0,4.0,0.0,0.0,15.49,2.49,9.0,10.0,98.0,0.0,5.0,13.0,3.0,7.0,1.83,42.0,1.0,3.0,2.0,14.85,0.0,3193.28,418.5074609375,5.0,0.0,2.0,0.0,0.0,5.0,0.0,0.38,0.0,0.0,0
1.80481674194336,4.0,4.0,1.0,0.0,0.0,10.39,5.39,5.0,6.0,96.0,1.14,15.0,5.0,4.0,20.0,1.91,67.0,8.0,15.0,0.0,16.98,0.0,3607.68,398.496484375,13.0,0.0,4.0,0.0,2.0,15.0,0.0,3.0,3.0,9.0,1
2.6364312744140626,2.0,13.0,1.0,0.0,0.0,15.23,1.23,6.0,4.0,98.0,48.0,10.0,14.0,5.0,13.0,2.0,52.0,2.0,8.0,2.0,13.74,1.0,3137.28,469.728203125,9.0,0.0,0.0,0.0,3.0,10.0,0.0,0.71,0.0,0.0,0
1.993779754638672,5.0,4.0,2.0,0.0,0.0,11.92,5.05,8.0,8.0,95.0,0.0,17.0,6.0,2.0,21.75,2.12,56.0,4.0,13.0,4.0,16.69,0.0,3555.84,422.0837890625,14.0,2.0,1.0,0.0,2.0,17.0,0.0,2.83,3.0,8.0,1
1.4102816772460938,3.0,12.0,4.0,0.0,0.0,23.9,7.3,12.0,9.0,90.0,0.0,24.0,16.0,8.0,29.5,3.92,98.0,9.0,20.0,4.0,26.42,0.0,7706.4,653.8549609375,20.0,0.0,4.0,1.0,4.0,24.0,0.0,1.5,2.0,5.0,1
1.8756820678710928,4.0,22.0,1.0,0.0,0.0,28.64,4.0,16.0,11.0,95.0,0.0,19.0,23.0,3.0,26.25,3.3,88.0,3.0,15.0,4.0,22.85,0.0,7383.52,785.133125,13.0,0.0,1.0,0.0,3.0,19.0,0.0,0.83,2.0,9.0,0
1.839369659423828,5.0,11.0,7.0,0.0,0.0,26.08,7.46,17.0,11.0,95.0,1.79,28.0,18.0,9.0,33.25,4.31,1.45,11.0,24.0,4.0,35.49,32.0,7617.76,836.389296875,21.0,1.0,0.0,3.0,6.0,28.0,0.0,1.56,3.0,4.0,1
2.041166381835937,3.0,16.0,10.0,0.0,0.0,33.37,7.15,10.0,6.0,96.0,1.61,19.0,26.0,7.0,23.5,3.32,92.0,10.0,13.0,6.0,24.38,0.0,7287.52,890.73078125,18.0,2.0,0.0,0.0,5.0,19.0,0.0,0.73,3.0,4.0,0
1.66195556640625,3.0,16.0,4.0,0.0,0.0,23.77,3.12,21.0,21.0,90.0,0.0,24.0,20.0,7.0,29.25,4.23,1.08,10.0,16.0,8.0,29.11,1.0,7405.76,699.16125,20.0,1.0,0.0,0.0,7.0,24.0,0.0,1.2,2.0,6.0,1
1.9307313537597657,3.0,21.0,5.0,1.0,0.0,29.68,3.16,21.0,19.0,94.0,0.0,25.0,26.0,7.0,30.75,4.73,1.17,9.0,17.0,7.0,32.99,1.0,7188.32,783.858203125,22.0,0.0,0.0,0.0,2.0,25.0,0.0,0.96,2.0,4.0,0
1.97181869506836,4.0,22.0,6.0,0.0,1.0,36.73,7.39,13.0,7.0,95.0,1.84,28.0,29.0,2.0,32.5,3.75,1.26,10.0,18.0,10.0,32.14,0.0,7102.56,845.109375,25.0,1.0,0.0,1.0,2.0,28.0,0.0,0.97,1.0,4.0,1
2.117423706054688,5.0,19.0,10.0,0.0,0.0,32.27,3.19,13.0,13.0,95.0,1.22,20.0,29.0,8.0,25.25,4.22,1.19,8.0,16.0,4.0,29.93,79.0,7040.96,911.212265625,14.0,0.0,2.0,1.0,3.0,20.0,0.0,0.69,1.0,0.0,0
2.221029510498047,3.0,17.0,9.0,0.0,0.0,29.88,3.21,21.0,15.0,94.0,95.0,17.0,26.0,5.0,22.0,3.32,1.04,10.0,9.0,8.0,24.93,1.0,6257.76,863.531484375,14.0,2.0,0.0,0.0,3.0,17.0,0.0,0.65,4.0,6.0,1
2.1723367309570314,3.0,21.0,6.0,0.0,0.0,32.81,5.81,13.0,9.0,93.0,64.0,16.0,27.0,3.0,19.0,3.14,93.0,8.0,12.0,4.0,21.94,0.0,6204.0,807.786796875,13.0,1.0,1.0,0.0,3.0,16.0,0.0,0.59,3.0,6.0,0
1.9184799194335929,4.0,19.0,4.0,0.0,0.0,27.09,4.08,11.0,12.0,94.0,0.0,20.0,23.0,6.0,24.5,3.46,99.0,7.0,17.0,3.0,26.64,90.0,6423.52,708.098984375,17.0,0.0,1.0,0.0,3.0,20.0,0.0,0.87,2.0,6.0,1
1.9078355407714844,4.0,15.0,3.0,0.0,0.0,25.6,7.6,12.0,4.0,97.0,0.0,25.0,18.0,10.0,30.75,3.27,1.16,10.0,22.0,3.0,31.41,39.0,6649.92,765.924609375,21.0,0.0,0.0,0.0,4.0,26.0,0.0,1.39,2.0,4.0,0
2.240963134765625,4.0,19.0,3.0,0.0,0.0,28.64,6.64,21.0,18.0,97.0,1.09,24.0,22.0,3.0,30.5,4.47,1.26,16.0,19.0,5.0,30.95,0.0,6435.52,849.146875,19.0,0.0,0.0,0.0,3.0,24.0,0.0,1.09,2.0,4.0,1
1.8236012268066408,4.0,14.0,5.0,0.0,0.0,26.69,5.98,16.0,14.0,94.0,0.0,25.0,19.0,6.0,33.25,4.04,92.0,7.0,19.0,6.0,26.51,32.0,6653.28,737.795078125,24.0,0.0,3.0,0.0,7.0,24.0,0.0,1.32,2.0,10.0,0
2.006161499023437,6.0,18.0,7.0,0.0,0.0,32.69,7.47,19.0,15.0,96.0,0.0,24.0,25.0,4.0,29.5,3.75,1.21,9.0,23.0,2.0,31.07,0.0,6319.68,776.59875,21.0,1.0,0.0,0.0,7.0,25.0,0.0,0.96,3.0,5.0,1
2.200266876220703,5.0,18.0,4.0,0.0,0.0,30.05,5.66,16.0,7.0,97.0,1.18,30.0,21.0,8.0,37.75,4.66,1.58,12.0,20.0,10.0,37.53,85.0,6416.32,855.850546875,26.0,0.0,2.0,1.0,5.0,30.0,0.0,1.43,2.0,3.0,0
2.0760903930664067,4.0,22.0,8.0,0.0,0.0,34.05,3.87,28.0,25.0,96.0,47.0,21.0,30.0,13.0,27.25,3.77,1.01,14.0,14.0,7.0,26.85,1.35,6126.72,785.9134375,19.0,0.0,1.0,1.0,5.0,21.0,0.0,0.7,1.0,0.0,1
1.90699462890625,5.0,15.0,4.0,0.0,1.0,28.39,8.39,20.0,22.0,96.0,79.0,37.0,20.0,6.0,42.5,5.1,1.62,16.0,27.0,10.0,41.75,11.0,6783.68,738.635625,31.0,1.0,0.0,2.0,6.0,37.0,0.0,1.85,1.0,2.0,0
1.898922271728516,2.0,22.0,6.0,0.0,0.0,34.87,5.87,25.0,16.0,92.0,77.0,16.0,28.0,5.0,19.5,3.68,80.0,5.0,11.0,5.0,20.65,41.0,6155.84,730.401875,16.0,2.0,1.0,0.0,5.0,16.0,0.0,0.57,1.0,0.0,1
1.5022238159179688,3.0,14.0,5.0,0.0,0.0,25.45,5.78,16.0,15.0,93.0,0.0,18.0,19.0,12.0,24.0,5.19,100.0,9.0,16.0,2.0,28.15,10.0,6773.28,628.9405859375,16.0,0.0,0.0,0.0,4.0,18.0,0.0,0.95,0.0,0.0,0
1.4631829833984376,6.0,15.0,5.0,1.0,0.0,25.85,5.39,15.0,12.0,92.0,0.0,24.0,20.0,9.0,29.75,3.27,1.01,10.0,19.0,4.0,29.29,12.0,6750.88,540.718203125,21.0,0.0,0.0,0.0,3.0,24.0,0.0,1.2,1.0,3.0,1
1.7736004638671874,6.0,17.0,7.0,0.0,0.0,28.95,4.19,25.0,19.0,92.0,49.0,19.0,24.0,10.0,26.75,3.81,98.0,12.0,14.0,5.0,23.24,1.0,6509.6,680.3671875,19.0,0.0,0.0,0.0,2.0,19.0,0.0,0.79,1.0,2.0,0
1.537643585205078,6.0,17.0,9.0,0.0,0.0,35.2,7.85,22.0,24.0,95.0,0.0,27.0,26.0,11.0,36.0,5.5,1.19,6.0,23.0,4.0,31.64,44.0,6450.56,584.3725,25.0,1.0,1.0,0.0,4.0,26.0,0.0,1.04,1.0,2.0,1
1.6228228759765626,4.0,21.0,4.0,0.0,0.0,26.81,1.71,17.0,20.0,93.0,0.0,30.0,25.0,7.0,35.0,4.04,1.38,10.0,19.0,11.0,34.51,95.0,6464.32,618.4377734375,24.0,1.0,1.0,0.0,8.0,30.0,0.0,1.2,1.0,0.0,0
2.117340240478516,4.0,23.0,1.0,0.0,0.0,30.34,6.34,19.0,19.0,97.0,1.66,25.0,24.0,8.0,29.0,4.2,99.0,6.0,19.0,6.0,28.21,1.0,6161.6,771.84078125,18.0,1.0,0.0,1.0,5.0,25.0,0.0,1.04,0.0,1.0,1
1.7208428955078126,3.0,18.0,6.0,0.0,1.0,33.91,8.91,15.0,15.0,96.0,31.0,13.0,25.0,9.0,20.25,3.28,77.0,8.0,8.0,5.0,20.09,72.0,6074.72,662.231328125,12.0,1.0,1.0,0.0,3.0,13.0,0.0,0.52,1.0,4.0,0
2.0968560791015625,6.0,18.0,8.0,0.0,0.0,30.2,4.2,25.0,16.0,98.0,1.15,29.0,26.0,6.0,32.75,4.38,1.19,6.0,23.0,6.0,31.81,2.0,6128.32,780.318046875,20.0,0.0,0.0,0.0,7.0,27.0,0.0,1.12,0.0,2.0,1
1.5790370178222657,7.0,22.0,5.0,0.0,0.0,27.82,82.0,15.0,11.0,93.0,38.0,24.0,27.0,3.0,28.0,4.03,1.12,11.0,18.0,6.0,29.84,10.0,5988.0,585.6593359375,22.0,0.0,2.0,1.0,4.0,24.0,0.0,0.89,1.0,2.0,0
1.4428401184082031,9.0,13.0,4.0,1.0,0.0,21.54,4.54,9.0,9.0,91.0,0.0,21.0,17.0,7.0,26.0,3.68,1.19,15.0,16.0,4.0,31.27,29.0,6576.0,558.03328125,17.0,0.0,2.0,0.0,3.0,21.0,0.0,1.24,1.0,3.0,1
1.3851811218261718,7.0,16.0,4.0,0.0,0.0,27.4,7.35,19.0,18.0,93.0,0.0,28.0,20.0,5.0,29.5,4.96,1.2,9.0,22.0,6.0,34.79,0.0,6392.8,540.9694921875,23.0,0.0,0.0,0.0,3.0,26.0,0.0,1.4,0.0,0.0,0
1.7551422119140625,6.0,15.0,7.0,0.0,0.0,30.36,7.52,21.0,22.0,94.0,0.0,22.0,22.0,9.0,28.5,4.37,90.0,12.0,16.0,6.0,25.85,1.5,6297.12,623.4215625,17.0,0.0,0.0,0.0,4.0,22.0,0.0,1.0,1.0,5.0,1
1.9885888671875,8.0,18.0,7.0,0.0,0.0,28.84,2.99,12.0,12.0,97.0,7.0,24.0,25.0,6.0,28.25,3.47,1.04,8.0,21.0,3.0,25.9,1.0,6089.92,693.901796875,16.0,3.0,1.0,0.0,6.0,24.0,0.0,0.96,1.0,0.0,0
2.244400329589844,3.0,11.0,3.0,0.0,0.0,19.08,3.72,11.0,11.0,94.0,83.0,11.0,14.0,0.0,16.0,1.72,48.0,4.0,8.0,3.0,12.6,1.0,4543.52,628.07125,8.0,0.0,1.0,1.0,0.0,11.0,0.0,0.79,2.0,4.0,0
2.1720166015625,3.0,10.0,4.0,0.0,0.0,16.74,2.73,11.0,5.0,92.0,70.0,10.0,14.0,5.0,14.5,1.51,49.0,5.0,8.0,2.0,12.73,0.0,4542.88,598.3805078125,7.0,0.0,1.0,0.0,2.0,10.0,0.0,0.71,1.0,5.0,1
2.0158506774902345,2.0,15.0,1.0,0.0,0.0,21.42,5.1,5.0,5.0,97.0,16.0,8.0,16.0,2.0,8.5,2.9,51.0,8.0,5.0,3.0,14.59,64.0,4440.16,493.7100390625,7.0,1.0,2.0,0.0,1.0,7.0,0.0,0.5,2.0,2.0,0
1.6547213745117189,5.0,5.0,2.0,0.0,0.0,11.21,4.2,7.0,8.0,96.0,0.0,16.0,7.0,3.0,19.25,2.69,69.0,6.0,15.0,1.0,18.74,0.0,4911.52,489.699453125,12.0,0.0,3.0,0.0,3.0,15.0,0.0,2.29,1.0,6.0,1
2.2624029541015624,2.0,13.0,4.0,0.0,0.0,19.33,2.33,13.0,12.0,98.0,7.0,9.0,17.0,4.0,14.25,1.78,47.0,4.0,7.0,2.0,11.42,0.0,4410.72,588.532421875,9.0,1.0,1.0,0.0,1.0,9.0,0.0,0.53,2.0,4.0,0
2.1728082275390626,4.0,8.0,5.0,0.0,0.0,19.22,5.2,16.0,12.0,96.0,69.0,22.0,13.0,8.0,27.25,3.02,1.05,6.0,16.0,6.0,25.45,0.0,4596.96,580.1967578125,16.0,1.0,1.0,0.0,4.0,22.0,0.0,1.69,2.0,5.0,1
2.2356797790527345,3.0,14.0,1.0,0.0,0.0,18.49,3.49,10.0,9.0,96.0,1.5,13.0,15.0,5.0,18.0,2.6,84.0,2.0,7.0,6.0,22.52,0.0,4492.32,571.8859765625,12.0,0.0,1.0,0.0,3.0,13.0,0.0,0.87,2.0,3.0,0
1.3306005859375,7.0,4.0,3.0,0.0,0.0,13.97,6.1,8.0,5.0,90.0,0.0,14.0,7.0,6.0,18.25,3.46,76.0,10.0,14.0,0.0,20.75,0.0,4910.56,365.8005078125,13.0,0.0,7.0,0.0,2.0,13.0,0.0,2.0,1.0,1.0,1
2.187075653076172,7.0,15.0,4.0,0.0,0.0,25.83,5.58,16.0,12.0,96.0,1.17,22.0,19.0,9.0,29.25,4.31,1.3,13.0,18.0,4.0,32.38,0.0,6190.4,764.985234375,15.0,2.0,1.0,1.0,2.0,22.0,0.0,1.16,2.0,8.0,1
1.80740234375,8.0,11.0,9.0,0.0,0.0,25.19,5.18,14.0,6.0,94.0,0.0,20.0,19.0,8.0,29.75,2.97,97.0,8.0,16.0,4.0,26.72,2.42,6183.68,653.29640625,18.0,1.0,1.0,0.0,1.0,21.0,0.0,1.05,2.0,8.0,0
1.379364013671875,3.0,10.0,0.0,0.0,0.0,13.37,2.94,10.0,9.0,91.0,19.0,14.0,9.0,3.0,19.75,2.27,61.0,0.0,11.0,3.0,15.6,30.0,6688.32,562.6164453125,11.0,1.0,1.0,0.0,3.0,14.0,0.0,1.56,2.0,12.0,1
1.9175274658203123,3.0,14.0,6.0,0.0,0.0,24.13,3.99,21.0,14.0,97.0,0.0,14.0,20.0,7.0,20.75,2.67,68.0,4.0,8.0,6.0,20.49,29.0,6173.44,709.987421875,12.0,0.0,1.0,1.0,5.0,14.0,0.0,0.7,2.0,7.0,0
2.075041656494141,4.0,14.0,9.0,0.0,0.0,27.72,4.59,15.0,12.0,94.0,1.14,22.0,23.0,7.0,28.0,3.11,99.0,14.0,15.0,7.0,26.04,1.0,5987.36,740.4665625,21.0,0.0,1.0,0.0,6.0,22.0,0.0,0.96,3.0,5.0,1
2.141387634277344,3.0,19.0,2.0,0.0,0.0,25.62,4.29,19.0,10.0,98.0,93.0,13.0,21.0,2.0,16.5,2.21,72.0,7.0,10.0,3.0,18.92,1.0,6047.84,749.162734375,13.0,1.0,0.0,0.0,4.0,13.0,0.0,0.62,5.0,9.0,0
1.7673231506347655,5.0,13.0,3.0,0.0,0.0,21.87,5.58,10.0,12.0,94.0,0.0,21.0,16.0,0.0,22.5,3.18,17.0,4.0,16.0,6.0,24.29,0.0,6364.16,667.879921875,19.0,0.0,3.0,0.0,3.0,22.0,0.0,1.31,2.0,4.0,1
2.198583068847656,4.0,16.0,3.0,0.0,0.0,26.1,3.92,15.0,4.0,96.0,1.4,20.0,19.0,5.0,24.0,2.68,87.0,11.0,18.0,3.0,22.35,1.0,6133.28,814.595234375,19.0,0.0,0.0,1.0,6.0,21.0,0.0,1.05,2.0,7.0,0
2.082972717285156,6.0,17.0,5.0,0.0,0.0,29.27,6.67,16.0,14.0,96.0,1.47,27.0,21.0,7.0,30.75,3.25,98.0,9.0,23.0,4.0,27.09,60.0,7035.52,873.869375,20.0,0.0,0.0,0.0,6.0,28.0,0.0,1.29,2.0,5.0,1
2.158045654296875,3.0,19.0,4.0,0.0,0.0,28.83,4.86,12.0,13.0,94.0,21.0,15.0,23.0,6.0,20.5,3.81,87.0,7.0,11.0,5.0,21.7,0.0,6956.32,845.218359375,10.0,1.0,6.0,0.0,2.0,16.0,0.0,0.65,1.0,4.0,0
1.8471511840820312,5.0,14.0,6.0,0.0,0.0,27.81,6.15,13.0,11.0,96.0,0.0,27.0,20.0,5.0,32.25,4.82,1.4,19.0,24.0,3.0,34.94,0.0,7152.32,815.09171875,25.0,1.0,10.0,0.0,4.0,27.0,0.0,1.35,2.0,3.0,1
2.344060211181641,4.0,19.0,4.0,0.0,0.0,28.89,4.91,20.0,13.0,95.0,1.23,28.0,23.0,5.0,33.5,5.13,1.62,9.0,20.0,8.0,38.3,2.0,6999.84,934.5684375,23.0,1.0,1.0,0.0,5.0,28.0,0.0,1.22,1.0,5.0,0
2.271020355224609,5.0,15.0,7.0,0.0,0.0,31.51,9.51,18.0,18.0,96.0,1.46,26.0,22.0,9.0,35.75,4.27,1.36,6.0,21.0,5.0,34.16,0.0,7041.12,934.54609375,22.0,2.0,0.0,1.0,3.0,26.0,0.0,1.18,3.0,9.0,1
1.7988706970214845,4.0,24.0,1.0,0.0,0.0,32.06,5.36,19.0,22.0,95.0,0.0,20.0,25.0,6.0,22.25,4.09,1.05,14.0,13.0,7.0,29.6,33.0,6865.6,718.555078125,17.0,0.0,7.0,0.0,4.0,20.0,0.0,0.8,1.0,2.0,0
1.9579844665527344,5.0,14.0,6.0,0.0,0.0,28.43,5.28,17.0,13.0,97.0,0.0,14.0,20.0,10.0,19.75,3.17,72.0,11.0,11.0,3.0,19.33,0.0,7079.52,796.1321875,12.0,0.0,3.0,0.0,2.0,14.0,0.0,0.7,2.0,6.0,1
2.255265655517578,4.0,17.0,6.0,0.0,0.0,26.09,2.41,14.0,10.0,92.0,1.59,20.0,23.0,5.0,23.25,3.14,1.12,9.0,16.0,4.0,26.81,0.0,6957.6,895.948046875,15.0,0.0,2.0,2.0,2.0,20.0,0.0,0.87,0.0,3.0,0
1.800937347412109,5.0,7.0,6.0,0.0,0.0,15.57,2.57,11.0,8.0,94.0,1.1,16.0,13.0,7.0,21.0,2.5,78.0,8.0,11.0,5.0,22.62,1.0,5121.92,545.3954296875,14.0,1.0,1.0,0.0,4.0,16.0,0.0,1.23,0.0,2.0,1
2.0600520324707032,2.0,18.0,4.0,0.0,0.0,25.01,2.51,15.0,8.0,94.0,90.0,12.0,22.0,4.0,19.0,2.46,62.0,8.0,7.0,5.0,16.88,0.0,4610.24,627.620546875,11.0,0.0,0.0,0.0,4.0,12.0,0.0,0.55,2.0,7.0,0
2.1640972900390625,7.0,11.0,6.0,0.0,0.0,21.39,3.97,12.0,9.0,96.0,1.04,28.0,17.0,4.0,35.25,3.1,1.06,5.0,20.0,8.0,27.31,0.0,4912.64,650.4297265625,23.0,0.0,0.0,0.0,6.0,27.0,0.0,1.65,1.0,3.0,1
1.838378448486328,2.0,14.0,6.0,0.0,0.0,23.46,2.86,8.0,7.0,92.0,0.0,18.0,20.0,5.0,20.5,2.79,88.0,13.0,8.0,10.0,24.11,0.0,4668.32,539.04765625,15.0,0.0,3.0,0.0,3.0,18.0,0.0,0.9,2.0,4.0,0
2.096016540527344,4.0,10.0,6.0,1.0,0.0,24.8,7.21,14.0,7.0,96.0,1.16,27.0,16.0,5.0,32.25,3.34,1.18,16.0,21.0,5.0,29.76,31.0,5002.08,629.4746484375,24.0,0.0,1.0,1.0,9.0,27.0,0.0,1.69,2.0,3.0,1
2.2778271484375,4.0,13.0,7.0,0.0,2.0,26.14,4.14,18.0,11.0,95.0,76.0,17.0,22.0,4.0,20.0,2.96,81.0,9.0,8.0,9.0,20.63,84.0,4727.2,658.274140625,13.0,2.0,1.0,2.0,2.0,17.0,0.0,0.77,1.0,1.0,0
1.8514735412597656,4.0,5.0,9.0,1.0,0.0,19.47,5.06,14.0,10.0,93.0,16.0,14.0,14.0,6.0,17.5,2.01,69.0,1.0,10.0,3.0,19.09,10.0,5067.84,543.22609375,14.0,0.0,0.0,0.0,4.0,13.0,0.0,1.0,1.0,4.0,1
1.95979721069336,2.0,17.0,4.0,0.0,0.0,25.03,3.73,14.0,11.0,95.0,0.0,13.0,21.0,5.0,16.5,2.12,66.0,6.0,10.0,3.0,19.19,2.0,4609.6,566.0021484375,13.0,0.0,0.0,0.0,3.0,13.0,0.0,0.62,2.0,4.0,0
2.374294891357422,4.0,23.0,7.0,0.0,0.0,34.91,3.91,19.0,10.0,94.0,1.12,25.0,30.0,10.0,32.5,4.27,1.24,20.0,15.0,10.0,30.31,79.0,6458.88,964.691640625,19.0,1.0,1.0,2.0,7.0,25.0,0.0,0.83,1.0,3.0,1
2.280079040527344,4.0,19.0,10.0,0.0,0.0,34.49,3.89,21.0,14.0,94.0,77.0,19.0,29.0,10.0,25.5,3.1,80.0,11.0,12.0,7.0,22.21,1.0,6524.48,940.622421875,13.0,1.0,1.0,0.0,5.0,20.0,0.0,0.66,3.0,7.0,0
1.5641744995117188,4.0,11.0,6.0,0.0,0.0,23.39,5.73,10.0,12.0,95.0,21.0,16.0,17.0,8.0,23.25,2.93,76.0,7.0,11.0,5.0,21.0,1.0,7168.48,685.63265625,13.0,0.0,0.0,0.0,3.0,16.0,0.0,0.94,2.0,7.0,1
2.0719590759277344,5.0,12.0,10.0,0.0,0.0,26.63,3.33,21.0,12.0,95.0,1.73,23.0,22.0,11.0,34.5,4.08,1.31,15.0,15.0,8.0,30.39,11.0,6869.92,888.533984375,18.0,1.0,0.0,0.0,5.0,23.0,0.0,1.05,4.0,10.0,0
2.03822494506836,4.0,18.0,7.0,0.0,0.0,34.63,8.95,23.0,18.0,96.0,75.0,19.0,25.0,5.0,24.25,3.47,80.0,13.0,15.0,4.0,20.0,0.0,6772.8,811.037421875,15.0,0.0,1.0,1.0,3.0,19.0,0.0,0.76,1.0,8.0,1
1.732215576171875,5.0,15.0,4.0,0.0,0.0,23.75,4.19,13.0,12.0,94.0,0.0,29.0,19.0,12.0,38.0,4.12,1.53,12.0,24.0,5.0,43.16,1.3,7115.84,702.11265625,23.0,2.0,3.0,0.0,6.0,28.0,0.0,1.53,3.0,5.0,0
1.942128753662109,4.0,23.0,4.0,0.0,0.0,32.33,5.33,8.0,9.0,92.0,0.0,25.0,27.0,9.0,31.5,4.71,20.0,17.0,14.0,11.0,30.55,1.43,6738.56,760.211484375,24.0,0.0,3.0,1.0,4.0,26.0,0.0,0.93,2.0,6.0,1
1.7463807678222656,6.0,9.0,6.0,0.0,0.0,19.84,2.88,16.0,14.0,89.0,0.0,28.0,15.0,5.0,33.75,4.13,1.01,8.0,24.0,4.0,27.27,1.43,7269.76,765.0309375,22.0,0.0,2.0,0.0,3.0,29.0,0.0,1.87,4.0,10.0,0
2.7117230224609368,4.0,20.0,10.0,0.0,0.0,34.74,3.21,22.0,11.0,98.0,1.71,36.0,30.0,10.0,43.5,5.12,1.47,19.0,27.0,9.0,38.47,1.02,7742.72,1288.49859375,27.0,1.0,2.0,4.0,10.0,36.0,0.0,1.2,2.0,3.0,1
2.4001118469238283,5.0,22.0,5.0,0.0,0.0,33.51,6.0,20.0,14.0,97.0,1.53,29.0,27.0,9.0,41.75,4.22,1.24,7.0,22.0,7.0,32.76,76.0,7868.64,1146.05734375,23.0,0.0,0.0,1.0,6.0,29.0,0.0,1.07,4.0,10.0,0
1.9315542602539064,4.0,13.0,6.0,0.0,0.0,24.81,3.99,11.0,18.0,94.0,0.0,18.0,19.0,10.0,24.25,4.37,1.03,10.0,13.0,5.0,25.67,2.63,8235.36,947.40109375,15.0,1.0,2.0,0.0,2.0,18.0,0.0,0.95,2.0,4.0,1
2.3350552368164066,3.0,21.0,8.0,0.0,0.0,33.4,2.56,22.0,16.0,98.0,1.67,21.0,29.0,10.0,29.25,3.36,1.04,4.0,15.0,6.0,28.16,0.0,7793.92,1147.8040625,13.0,0.0,0.0,2.0,4.0,21.0,0.0,0.72,3.0,7.0,0
2.12647216796875,4.0,15.0,5.0,0.0,0.0,27.79,6.79,21.0,18.0,98.0,1.14,20.0,20.0,8.0,28.75,4.19,1.05,10.0,15.0,5.0,24.88,1.0,8259.2,1020.888828125,13.0,2.0,1.0,0.0,2.0,20.0,0.0,1.0,2.0,6.0,1
1.8824981689453124,5.0,16.0,7.0,0.0,0.0,29.3,5.88,8.0,10.0,91.0,0.0,20.0,23.0,9.0,29.0,2.87,95.0,9.0,14.0,6.0,26.09,60.0,8030.56,880.52328125,18.0,0.0,4.0,0.0,1.0,20.0,0.0,0.87,2.0,5.0,0
1.9039826965332032,6.0,19.0,3.0,0.0,0.0,29.7,7.05,10.0,13.0,95.0,0.0,35.0,22.0,5.0,37.5,4.93,33.0,18.0,27.0,8.0,44.22,61.0,8146.08,900.04671875,32.0,0.0,7.0,2.0,4.0,35.0,0.0,1.59,3.0,4.0,1
1.91563720703125,3.0,23.0,7.0,0.0,0.0,39.39,8.53,25.0,24.0,95.0,0.0,21.0,30.0,5.0,26.0,5.22,96.0,12.0,16.0,5.0,25.76,100.0,7735.84,883.659453125,17.0,1.0,2.0,2.0,6.0,22.0,0.0,0.7,3.0,9.0,0
1.7887541198730468,4.0,12.0,4.0,0.0,0.0,21.97,4.97,17.0,13.0,94.0,61.0,16.0,16.0,3.0,17.75,2.97,86.0,9.0,13.0,3.0,24.5,0.0,5805.6,617.4369921875,15.0,0.0,0.0,0.0,2.0,16.0,0.0,1.0,2.0,3.0,0
2.328581695556641,4.0,18.0,5.0,0.0,0.0,28.45,4.54,14.0,10.0,99.0,92.0,20.0,23.0,5.0,23.75,3.54,1.1,15.0,15.0,5.0,26.16,22.0,5457.28,719.84359375,16.0,1.0,0.0,0.0,4.0,20.0,0.0,0.87,1.0,2.0,1
2.298644714355469,4.0,18.0,2.0,0.0,0.0,25.05,4.87,13.0,10.0,98.0,1.01,24.0,20.0,2.0,29.5,3.16,1.15,19.0,18.0,6.0,29.3,0.0,5661.28,758.5365625,21.0,1.0,0.0,1.0,4.0,24.0,0.0,1.2,3.0,6.0,0
1.7216120910644532,2.0,14.0,3.0,0.0,0.0,20.77,3.77,9.0,5.0,94.0,53.0,12.0,17.0,5.0,16.25,3.08,67.0,15.0,10.0,2.0,19.23,1.0,5779.2,554.6169921875,12.0,0.0,1.0,0.0,4.0,12.0,0.0,0.71,2.0,7.0,1
2.3158746337890626,3.0,17.0,2.0,0.0,0.0,24.01,5.01,14.0,8.0,94.0,1.17,19.0,19.0,1.0,20.25,2.73,91.0,10.0,17.0,2.0,23.11,34.0,5685.6,755.116328125,12.0,0.0,0.0,0.0,6.0,19.0,0.0,1.0,0.0,1.0,0
1.9213154602050784,5.0,12.0,4.0,0.0,0.0,24.43,7.12,15.0,11.0,96.0,84.0,19.0,16.0,4.0,23.25,2.53,76.0,11.0,15.0,4.0,19.1,56.0,5860.16,659.99296875,16.0,0.0,0.0,1.0,3.0,19.0,0.0,1.19,2.0,7.0,1
1.90428955078125,4.0,13.0,4.0,0.0,0.0,20.77,3.27,14.0,13.0,94.0,9.0,14.0,17.0,3.0,17.25,2.54,66.0,5.0,12.0,2.0,18.63,2.0,5776.16,670.332421875,11.0,2.0,2.0,0.0,2.0,14.0,0.0,0.82,2.0,7.0,0
1.820055541992188,7.0,16.0,1.0,0.0,0.0,23.88,6.12,8.0,7.0,94.0,0.0,21.0,17.0,3.0,26.75,3.06,19.0,9.0,20.0,1.0,26.95,1.2,5774.4,608.6591796875,15.0,0.0,2.0,0.0,6.0,21.0,0.0,1.24,2.0,7.0,1
1.5473844909667969,3.0,14.0,4.0,0.0,0.0,21.03,3.03,15.0,12.0,90.0,0.0,17.0,18.0,5.0,19.25,3.07,83.0,6.0,12.0,5.0,22.92,2.0,5372.0,488.7396484375,12.0,0.0,0.0,0.0,3.0,17.0,0.0,0.94,0.0,0.0,1
1.4126524353027343,6.0,11.0,3.0,0.0,0.0,19.75,5.61,15.0,17.0,91.0,0.0,28.0,14.0,9.0,30.75,3.52,1.08,8.0,23.0,5.0,30.31,1.0,5571.84,399.713359375,25.0,2.0,0.0,0.0,4.0,27.0,0.0,2.0,0.0,2.0,0
1.836039428710937,3.0,16.0,5.0,0.0,0.0,22.86,1.85,19.0,14.0,87.0,5.0,11.0,21.0,9.0,16.5,2.92,65.0,5.0,7.0,4.0,16.47,1.0,5233.76,554.6021484375,9.0,0.0,0.0,1.0,4.0,11.0,0.0,0.52,0.0,2.0,1
1.5033384704589845,5.0,9.0,6.0,0.0,0.0,20.17,4.23,16.0,15.0,86.0,32.0,14.0,15.0,13.0,21.5,3.41,69.0,5.0,12.0,2.0,17.95,1.0,5535.36,495.84375,12.0,1.0,0.0,0.0,3.0,14.0,0.0,0.93,0.0,0.0,0
1.7997047424316406,3.0,17.0,6.0,0.0,0.0,26.19,3.19,16.0,20.0,95.0,37.0,19.0,23.0,6.0,23.0,4.09,96.0,11.0,12.0,7.0,25.56,1.61,5096.96,581.91046875,18.0,1.0,2.0,0.0,4.0,19.0,0.0,0.83,0.0,1.0,1
1.9529991149902344,4.0,14.0,7.0,0.0,0.0,24.59,2.67,23.0,15.0,87.0,39.0,16.0,21.0,6.0,20.75,2.33,74.0,3.0,10.0,6.0,19.38,11.0,5201.28,608.583046875,15.0,0.0,1.0,0.0,2.0,15.0,0.0,0.76,0.0,2.0,0
1.93768798828125,6.0,17.0,2.0,0.0,0.0,24.44,4.44,12.0,12.0,95.0,65.0,19.0,19.0,2.0,21.0,2.77,77.0,14.0,13.0,6.0,22.65,1.0,5252.96,605.107421875,14.0,0.0,0.0,0.0,4.0,18.0,0.0,1.0,0.0,1.0,1
1.722399444580078,5.0,10.0,6.0,0.0,0.0,23.22,4.25,18.0,15.0,94.0,0.0,23.0,16.0,7.0,28.0,3.76,1.08,7.0,19.0,4.0,25.23,0.0,5413.12,523.9698046875,19.0,1.0,0.0,1.0,3.0,23.0,0.0,1.44,0.0,2.0,0
1.53939697265625,3.0,16.0,4.0,0.0,0.0,27.94,6.14,22.0,22.0,91.0,0.0,15.0,20.0,8.0,21.0,3.48,79.0,4.0,9.0,6.0,21.81,32.0,5866.56,561.11046875,11.0,0.0,0.0,0.0,4.0,15.0,0.0,0.75,0.0,1.0,1
2.001031494140625,4.0,14.0,12.0,0.0,0.0,31.91,5.59,19.0,21.0,93.0,64.0,20.0,26.0,10.0,28.5,2.74,96.0,10.0,13.0,7.0,27.5,90.0,5563.2,683.215,16.0,0.0,1.0,0.0,3.0,21.0,0.0,0.77,1.0,2.0,0
1.948822174072265,5.0,10.0,8.0,0.0,0.0,27.9,7.97,11.0,15.0,97.0,1.04,26.0,18.0,9.0,32.75,3.47,1.18,4.0,19.0,7.0,32.12,0.0,5934.24,688.215,22.0,1.0,1.0,1.0,6.0,26.0,0.0,1.44,1.0,3.0,1
1.4375076293945312,3.0,12.0,4.0,0.0,1.0,22.92,3.64,17.0,14.0,93.0,0.0,22.0,17.0,5.0,26.0,3.58,80.0,4.0,16.0,6.0,23.91,1.3,6034.88,523.955625,13.0,0.0,1.0,0.0,4.0,23.0,0.0,1.29,1.0,1.0,0
1.5955723571777345,5.0,17.0,4.0,2.0,0.0,30.26,8.52,17.0,16.0,94.0,0.0,26.0,21.0,11.0,33.0,5.9,1.22,12.0,19.0,5.0,34.84,1.52,5854.72,554.848046875,22.0,0.0,3.0,0.0,5.0,26.0,0.0,1.24,1.0,2.0,1
1.9877340698242187,4.0,18.0,7.0,0.0,0.0,34.49,7.29,26.0,25.0,92.0,1.03,23.0,25.0,6.0,31.0,3.78,1.06,13.0,19.0,4.0,31.64,1.0,5345.44,693.736640625,21.0,1.0,0.0,1.0,7.0,23.0,0.0,0.92,1.0,2.0,0
2.165189514160156,6.0,19.0,10.0,0.0,0.0,32.92,2.81,17.0,23.0,96.0,71.0,26.0,29.0,4.0,28.25,4.48,1.13,10.0,14.0,12.0,28.54,70.0,5461.12,747.976875,20.0,2.0,0.0,0.0,1.0,27.0,0.0,0.9,1.0,1.0,1
1.7234799194335937,5.0,17.0,7.0,0.0,1.0,31.21,5.34,18.0,19.0,89.0,33.0,23.0,25.0,6.0,28.0,4.63,1.18,11.0,14.0,9.0,33.43,1.01,5574.56,613.0634375,19.0,1.0,2.0,0.0,4.0,24.0,0.0,0.92,1.0,2.0,0
2.1317369079589845,2.0,21.0,6.0,0.0,0.0,29.09,1.28,22.0,19.0,94.0,99.0,18.0,27.0,4.0,22.75,2.69,76.0,7.0,9.0,9.0,21.52,1.0,6817.28,817.444453125,15.0,0.0,1.0,0.0,3.0,17.0,0.0,0.67,2.0,7.0,0
2.1830155944824217,2.0,20.0,8.0,0.0,0.0,34.76,5.92,16.0,10.0,95.0,1.23,18.0,28.0,7.0,25.75,3.17,1.05,16.0,12.0,6.0,26.45,0.0,6796.64,890.12390625,15.0,1.0,0.0,0.0,3.0,18.0,0.0,0.64,2.0,5.0,1
2.171549072265625,3.0,21.0,6.0,0.0,0.0,31.52,4.1,18.0,15.0,95.0,2.02,20.0,27.0,4.0,25.75,3.17,1.08,10.0,9.0,11.0,27.62,0.0,6826.24,823.48921875,18.0,0.0,0.0,2.0,3.0,20.0,0.0,0.74,3.0,9.0,0
1.7649534606933597,3.0,12.0,7.0,0.0,0.0,25.57,5.97,14.0,10.0,90.0,0.0,21.0,19.0,8.0,28.5,3.14,1.05,4.0,14.0,7.0,27.79,0.0,7309.92,755.636484375,17.0,0.0,2.0,1.0,2.0,21.0,0.0,1.11,2.0,6.0,1
2.022993927001953,4.0,16.0,6.0,0.0,0.0,28.15,3.98,19.0,13.0,95.0,93.0,21.0,22.0,7.0,28.25,3.55,1.16,8.0,16.0,5.0,30.81,1.0,7080.32,818.1809375,19.0,0.0,1.0,0.0,7.0,21.0,0.0,0.95,3.0,9.0,0
1.962870941162109,4.0,11.0,6.0,0.0,0.0,26.54,8.53,17.0,12.0,95.0,2.05,29.0,17.0,5.0,35.75,4.2,1.24,17.0,25.0,4.0,29.78,2.0,7310.88,883.690390625,22.0,1.0,1.0,0.0,2.0,29.0,0.0,1.71,2.0,8.0,1
1.8032148742675784,4.0,17.0,4.0,0.0,0.0,25.79,4.13,21.0,18.0,92.0,21.0,22.0,21.0,5.0,28.0,4.04,1.22,8.0,17.0,5.0,32.28,0.0,7086.24,823.015546875,19.0,1.0,1.0,1.0,2.0,21.0,0.0,1.05,3.0,7.0,0
1.8237796020507808,5.0,8.0,9.0,0.0,0.0,26.52,7.55,15.0,10.0,99.0,0.0,29.0,17.0,5.0,33.0,3.66,1.12,11.0,24.0,5.0,30.51,1.14,7345.28,768.57453125,23.0,2.0,3.0,0.0,5.0,30.0,0.0,1.71,1.0,2.0,1
2.231677398681641,5.0,16.0,6.0,0.0,1.0,32.92,6.69,21.0,18.0,96.0,1.84,29.0,23.0,7.0,33.75,4.22,1.37,9.0,22.0,7.0,33.22,32.0,8654.4,1082.580234375,24.0,0.0,0.0,0.0,5.0,29.0,0.0,1.26,2.0,5.0,1
2.027301177978516,5.0,19.0,6.0,0.0,0.0,30.6,4.6,26.0,26.0,94.0,1.82,29.0,25.0,7.0,37.75,4.35,1.22,7.0,26.0,3.0,34.24,27.0,8240.16,1059.662265625,23.0,0.0,9.0,0.0,5.0,29.0,0.0,1.16,3.0,7.0,0
1.5761093139648437,7.0,12.0,6.0,0.0,0.0,27.51,7.36,14.0,11.0,94.0,3.0,25.0,18.0,7.0,33.75,5.71,1.11,7.0,22.0,3.0,29.22,0.0,8775.04,798.73640625,19.0,0.0,5.0,0.0,3.0,25.0,0.0,1.39,3.0,5.0,1
2.271361694335937,4.0,24.0,7.0,1.0,0.0,38.91,6.44,25.0,22.0,91.0,45.0,27.0,31.0,8.0,34.5,4.62,1.3,10.0,16.0,10.0,34.9,0.0,8108.0,1128.97296875,24.0,2.0,1.0,0.0,6.0,27.0,0.0,0.87,2.0,9.0,0
2.426514587402344,4.0,25.0,11.0,0.0,0.0,39.55,3.01,22.0,20.0,96.0,1.04,28.0,36.0,10.0,35.25,4.95,1.45,18.0,21.0,7.0,36.32,0.0,7880.0,1191.6121875,17.0,1.0,2.0,1.0,8.0,28.0,0.0,0.78,2.0,2.0,1
1.7149940490722655,6.0,16.0,4.0,0.0,0.0,28.63,7.89,17.0,19.0,92.0,0.0,28.0,20.0,7.0,33.25,4.46,1.38,9.0,21.0,7.0,37.64,1.0,8623.36,866.868828125,21.0,0.0,9.0,0.0,4.0,27.0,0.0,1.4,3.0,4.0,0
2.070665130615234,4.0,23.0,7.0,1.0,0.0,39.18,8.48,14.0,8.0,94.0,0.0,24.0,30.0,8.0,31.0,4.69,24.0,14.0,21.0,2.0,33.99,0.0,8273.92,999.851015625,19.0,1.0,4.0,1.0,2.0,24.0,0.0,0.8,2.0,6.0,1
2.426603393554688,3.0,27.0,2.0,0.0,1.0,35.67,4.66,12.0,10.0,98.0,1.52,23.0,30.0,10.0,30.5,4.09,1.34,7.0,13.0,10.0,32.06,78.0,8280.32,1220.723828125,19.0,1.0,0.0,1.0,5.0,24.0,0.0,0.77,2.0,5.0,0
1.991473999023437,10.0,7.0,4.0,0.0,0.0,15.33,3.69,12.0,10.0,98.0,1.13,18.0,11.0,8.0,24.0,2.89,78.0,6.0,14.0,4.0,22.51,0.0,5218.88,623.3440625,15.0,1.0,1.0,1.0,2.0,18.0,0.0,1.64,1.0,3.0,1
2.015151214599609,2.0,15.0,3.0,0.0,0.0,21.97,3.13,10.0,10.0,93.0,0.0,9.0,18.0,3.0,11.75,2.13,60.0,4.0,5.0,4.0,17.56,0.0,4771.2,637.7757421875,8.0,0.0,1.0,0.0,2.0,9.0,0.0,0.5,2.0,4.0,0
2.503405914306641,3.0,11.0,4.0,0.0,0.0,18.66,3.38,13.0,8.0,98.0,1.58,20.0,15.0,6.0,24.5,3.06,87.0,13.0,16.0,4.0,22.68,1.0,5013.12,737.277109375,19.0,1.0,0.0,1.0,6.0,20.0,0.0,1.33,1.0,3.0,1
2.164528350830078,2.0,15.0,1.0,0.0,0.0,21.84,4.84,4.0,4.0,97.0,83.0,11.0,16.0,5.0,16.0,1.92,55.0,5.0,7.0,4.0,14.62,0.0,4885.92,629.7230859375,10.0,1.0,0.0,2.0,3.0,11.0,0.0,0.69,2.0,6.0,0
1.919185791015625,7.0,9.0,2.0,0.0,0.0,16.13,5.13,11.0,10.0,93.0,0.0,14.0,11.0,7.0,16.5,2.29,74.0,2.0,12.0,2.0,21.62,0.0,5191.52,535.181875,11.0,0.0,1.0,0.0,1.0,13.0,0.0,1.27,1.0,0.0,1
2.107965545654297,3.0,14.0,4.0,0.0,0.0,23.83,5.55,10.0,6.0,94.0,0.0,14.0,18.0,3.0,17.5,2.74,64.0,8.0,11.0,3.0,17.91,5.0,4757.76,622.8465234375,10.0,0.0,1.0,0.0,3.0,15.0,0.0,0.78,2.0,2.0,0
2.120030822753906,5.0,5.0,6.0,0.0,0.0,17.62,6.33,5.0,7.0,93.0,1.34,19.0,11.0,6.0,24.0,3.06,89.0,7.0,15.0,4.0,22.13,0.0,5191.2,666.061875,14.0,0.0,1.0,0.0,5.0,19.0,0.0,1.73,2.0,6.0,1
2.274226226806641,3.0,13.0,6.0,0.0,0.0,21.35,2.35,6.0,5.0,99.0,92.0,14.0,19.0,3.0,15.75,2.88,70.0,4.0,9.0,5.0,17.64,0.0,4686.72,633.13359375,12.0,0.0,1.0,2.0,2.0,14.0,0.0,0.74,1.0,0.0,0
1.7638392639160156,5.0,22.0,8.0,0.0,0.0,35.93,5.75,18.0,14.0,90.0,0.0,29.0,30.0,11.0,35.5,4.71,1.47,22.0,22.0,7.0,41.05,64.0,8272.32,874.016953125,21.0,2.0,2.0,0.0,4.0,29.0,0.0,0.97,2.0,4.0,1
1.7557035827636718,4.0,20.0,6.0,0.0,0.0,35.92,9.72,21.0,17.0,93.0,1.59,22.0,26.0,4.0,24.75,4.09,1.06,12.0,18.0,4.0,27.47,95.0,8446.72,906.200625,21.0,0.0,1.0,0.0,5.0,22.0,0.0,0.85,0.0,3.0,0
1.922041931152344,6.0,20.0,5.0,1.0,0.0,35.66,9.21,23.0,17.0,97.0,0.0,33.0,25.0,9.0,42.75,6.27,1.41,9.0,27.0,5.0,37.26,86.0,8491.84,959.353515625,31.0,0.0,1.0,0.0,4.0,33.0,0.0,1.32,4.0,7.0,1
1.5681698608398438,6.0,19.0,5.0,0.0,0.0,29.28,5.28,15.0,10.0,91.0,0.0,28.0,23.0,8.0,37.75,3.38,1.2,11.0,19.0,9.0,34.95,30.0,8490.56,785.3125,24.0,1.0,2.0,0.0,5.0,28.0,0.0,1.22,2.0,6.0,0
1.961862182617188,3.0,20.0,10.0,0.0,0.0,38.1,6.82,23.0,14.0,92.0,1.64,19.0,30.0,10.0,26.75,4.05,1.15,14.0,13.0,6.0,31.14,1.0,8298.56,945.40234375,14.0,1.0,1.0,1.0,2.0,19.0,0.0,0.63,4.0,8.0,1
2.2422671508789067,5.0,21.0,11.0,0.0,1.0,40.21,6.73,31.0,24.0,96.0,1.41,30.0,33.0,5.0,35.0,5.25,1.49,24.0,21.0,9.0,38.04,0.0,8119.04,1091.082421875,26.0,1.0,0.0,0.0,9.0,30.0,0.0,0.91,1.0,6.0,0
2.016437377929688,7.0,15.0,6.0,0.0,0.0,29.07,7.67,16.0,7.0,93.0,2.67,32.0,21.0,7.0,39.5,3.9,1.28,7.0,23.0,10.0,32.67,0.0,8698.72,1052.120078125,21.0,0.0,0.0,1.0,7.0,31.0,0.0,1.52,4.0,8.0,1
1.87197006225586,4.0,25.0,6.0,0.0,0.0,37.96,6.39,20.0,13.0,96.0,0.0,26.0,31.0,10.0,33.5,3.79,1.26,10.0,19.0,7.0,36.79,0.0,8153.92,892.932734375,20.0,0.0,1.0,0.0,6.0,26.0,0.0,0.84,2.0,3.0,0
1.9392921447753904,6.0,20.0,11.0,0.0,0.0,36.12,5.12,22.0,17.0,94.0,61.0,26.0,31.0,16.0,35.0,3.68,1.35,15.0,18.0,8.0,36.13,0.0,5742.4,714.884609375,22.0,3.0,2.0,0.0,7.0,26.0,0.0,0.84,1.0,1.0,1
2.0159591674804687,8.0,21.0,3.0,0.0,0.0,34.23,6.54,21.0,13.0,95.0,63.0,26.0,24.0,7.0,30.25,3.51,1.17,8.0,17.0,9.0,33.33,11.0,6180.96,724.99109375,23.0,1.0,0.0,3.0,4.0,26.0,0.0,1.08,1.0,2.0,0
1.3951722717285155,5.0,15.0,2.0,0.0,1.0,24.09,5.78,13.0,16.0,94.0,0.0,24.0,18.0,3.0,26.75,3.33,1.12,7.0,19.0,5.0,30.78,0.0,6584.0,516.7190625,20.0,0.0,1.0,0.0,3.0,24.0,0.0,1.33,0.0,1.0,1
1.9844078063964845,2.0,17.0,8.0,0.0,0.0,31.69,6.47,21.0,18.0,95.0,1.25,19.0,25.0,6.0,24.75,3.73,90.0,6.0,12.0,7.0,23.95,1.0,5934.08,741.9971875,17.0,1.0,0.0,1.0,4.0,19.0,0.0,0.76,1.0,1.0,0
1.6901608276367188,6.0,14.0,6.0,0.0,0.0,27.69,6.35,23.0,20.0,89.0,85.0,25.0,20.0,3.0,28.25,3.38,90.0,13.0,22.0,3.0,26.77,53.0,6428.96,647.99203125,25.0,0.0,0.0,1.0,5.0,24.0,0.0,1.25,1.0,3.0,1
1.6659051513671874,3.0,23.0,4.0,1.0,0.0,32.81,4.34,9.0,9.0,91.0,0.0,15.0,27.0,9.0,18.5,3.26,96.0,12.0,11.0,3.0,25.13,1.83,5943.36,625.5317578125,15.0,0.0,1.0,0.0,4.0,17.0,0.0,0.56,1.0,2.0,0
1.371837158203125,5.0,13.0,4.0,0.0,0.0,26.66,6.78,18.0,17.0,91.0,0.0,24.0,17.0,11.0,31.5,5.15,1.31,13.0,19.0,5.0,37.28,4.0,6378.4,519.463515625,21.0,0.0,3.0,0.0,3.0,24.0,0.0,1.41,1.0,3.0,1
1.654575653076172,4.0,17.0,6.0,0.0,0.0,34.77,10.27,19.0,20.0,92.0,0.0,26.0,23.0,6.0,31.0,4.83,1.17,12.0,22.0,4.0,31.58,59.0,6056.32,609.041171875,24.0,0.0,0.0,0.0,7.0,26.0,0.0,1.13,1.0,4.0,0
2.228987274169922,8.0,16.0,4.0,0.0,0.0,26.73,4.92,12.0,10.0,98.0,1.01,28.0,20.0,5.0,33.75,4.54,1.17,13.0,22.0,6.0,28.8,70.0,6333.92,830.10703125,21.0,1.0,0.0,0.0,5.0,28.0,0.0,1.4,2.0,6.0,1
1.9515011596679688,2.0,14.0,13.0,0.0,0.0,30.29,3.29,24.0,23.0,96.0,0.0,16.0,27.0,12.0,21.25,2.93,70.0,9.0,11.0,5.0,25.07,98.0,5951.36,735.107265625,13.0,0.0,1.0,0.0,6.0,17.0,0.0,0.59,2.0,1.0,0
1.629798583984375,3.0,10.0,6.0,0.0,0.0,19.63,3.63,9.0,7.0,87.0,0.0,17.0,16.0,5.0,21.5,2.72,77.0,5.0,12.0,5.0,19.28,64.0,6549.92,620.1965234375,14.0,0.0,1.0,0.0,2.0,17.0,0.0,1.06,1.0,3.0,1
2.1518292236328125,2.0,19.0,7.0,0.0,0.0,27.73,1.6,17.0,9.0,95.0,99.0,22.0,25.0,9.0,31.5,3.25,1.1,12.0,13.0,9.0,29.0,0.0,5961.12,833.35890625,16.0,2.0,1.0,0.0,6.0,21.0,0.0,0.88,2.0,5.0,0
2.196239318847656,3.0,19.0,4.0,0.0,0.0,25.87,1.6,18.0,11.0,93.0,70.0,18.0,23.0,5.0,23.25,3.31,97.0,12.0,11.0,7.0,23.09,1.0,6156.48,837.68671875,17.0,0.0,0.0,1.0,6.0,18.0,0.0,0.78,2.0,6.0,1
2.1664334106445318,3.0,20.0,3.0,0.0,0.0,25.81,2.07,20.0,21.0,95.0,0.0,18.0,23.0,6.0,22.75,2.73,80.0,9.0,11.0,7.0,22.65,1.03,6158.88,783.2778125,14.0,0.0,2.0,0.0,2.0,18.0,0.0,0.78,1.0,1.0,0
1.915841979980469,5.0,10.0,10.0,0.0,0.0,26.58,5.1,7.0,9.0,97.0,0.0,33.0,20.0,6.0,39.0,3.98,26.0,13.0,24.0,10.0,36.6,0.0,6344.8,734.290703125,31.0,1.0,2.0,0.0,7.0,34.0,0.0,1.65,2.0,6.0,1
2.263365936279297,4.0,16.0,5.0,0.0,0.0,25.96,3.76,6.0,6.0,94.0,1.27,23.0,21.0,3.0,24.25,3.21,91.0,6.0,20.0,3.0,20.74,1.0,6148.8,863.894921875,16.0,0.0,0.0,0.0,5.0,23.0,0.0,1.1,1.0,1.0,0
1.8809768676757808,4.0,16.0,7.0,0.0,0.0,27.22,2.69,11.0,11.0,93.0,0.0,15.0,23.0,10.0,20.0,3.04,83.0,8.0,9.0,6.0,21.98,10.0,4026.24,466.7237890625,12.0,0.0,0.0,1.0,3.0,15.0,0.0,0.65,0.0,0.0,0
1.6684542846679689,2.0,10.0,5.0,0.0,0.0,19.15,2.62,9.0,9.0,91.0,0.0,15.0,15.0,5.0,21.5,3.1,76.0,6.0,12.0,3.0,18.81,44.0,4473.12,451.8568359375,14.0,0.0,4.0,0.0,4.0,15.0,0.0,1.0,3.0,5.0,1
1.330261535644531,9.0,9.0,4.0,0.0,1.0,18.47,4.47,11.0,9.0,92.0,0.0,20.0,14.0,5.0,22.75,3.18,89.0,11.0,14.0,6.0,22.14,0.0,4557.28,383.4851953125,17.0,0.0,3.0,0.0,3.0,20.0,0.0,1.43,0.0,0.0,0
2.0818243408203125,2.0,9.0,9.0,0.0,0.0,23.58,5.58,16.0,15.0,97.0,49.0,18.0,18.0,11.0,22.5,2.94,81.0,1.0,11.0,7.0,21.91,1.0,4459.04,558.0168359375,15.0,0.0,0.0,2.0,3.0,18.0,0.0,1.0,3.0,6.0,1
1.3657493591308594,3.0,16.0,3.0,0.0,0.0,21.95,2.95,15.0,15.0,92.0,0.0,16.0,19.0,4.0,19.25,3.67,79.0,10.0,10.0,6.0,22.12,0.0,4186.56,364.4211328125,14.0,1.0,1.0,0.0,0.0,16.0,0.0,0.84,0.0,0.0,0
1.8078288269042968,6.0,12.0,4.0,0.0,0.0,21.48,4.74,13.0,14.0,95.0,0.0,21.0,16.0,7.0,28.0,3.59,87.0,13.0,16.0,5.0,24.47,1.27,4450.72,496.03953125,19.0,0.0,0.0,0.0,4.0,22.0,0.0,1.31,3.0,4.0,1
1.7535614013671874,2.0,15.0,6.0,0.0,1.0,25.97,2.87,6.0,9.0,92.0,45.0,12.0,22.0,5.0,15.75,2.03,61.0,2.0,8.0,4.0,15.09,0.0,4193.6,448.4544921875,11.0,1.0,0.0,1.0,6.0,12.0,0.0,0.55,0.0,0.0,0
1.990130157470703,6.0,10.0,4.0,2.0,0.0,18.84,3.41,12.0,8.0,91.0,1.79,24.0,14.0,7.0,28.0,3.25,1.15,5.0,17.0,5.0,28.32,0.0,4513.92,556.2439453125,19.0,1.0,0.0,0.0,4.0,24.0,0.0,1.71,3.0,2.0,1
2.14996337890625,2.0,10.0,5.0,0.0,0.0,17.31,1.79,13.0,10.0,91.0,62.0,11.0,15.0,7.0,15.5,1.49,55.0,5.0,8.0,3.0,15.02,0.0,4169.12,543.951640625,9.0,0.0,1.0,0.0,4.0,11.0,0.0,0.73,3.0,4.0,1
2.2303173828125,4.0,12.0,3.0,0.0,0.0,20.09,4.57,14.0,10.0,98.0,0.0,14.0,15.0,4.0,17.25,2.16,59.0,9.0,11.0,3.0,16.09,2.0,4185.44,514.4169921875,12.0,0.0,2.0,0.0,1.0,14.0,0.0,0.93,0.0,0.0,0
1.6546556091308593,3.0,10.0,1.0,0.0,0.0,13.75,1.95,7.0,4.0,96.0,0.0,11.0,11.0,5.0,15.25,2.32,67.0,10.0,7.0,4.0,17.76,59.0,4375.52,458.8059765625,8.0,0.0,3.0,0.0,3.0,11.0,0.0,1.0,3.0,5.0,1
1.8830470275878903,5.0,11.0,1.0,0.0,0.0,17.14,4.41,12.0,8.0,98.0,0.0,8.0,12.0,0.0,8.25,2.55,55.0,7.0,7.0,1.0,14.22,63.0,4361.6,532.483046875,5.0,0.0,1.0,0.0,2.0,8.0,0.0,0.67,0.0,0.0,0
2.0266677856445314,9.0,9.0,1.0,0.0,0.0,15.58,5.27,12.0,9.0,96.0,54.0,19.0,10.0,1.0,23.0,2.57,74.0,9.0,17.0,2.0,20.66,0.0,4428.32,514.479765625,18.0,2.0,0.0,0.0,1.0,18.0,0.0,1.9,4.0,8.0,1
2.7111517333984367,2.0,13.0,4.0,0.0,0.0,18.59,1.25,15.0,5.0,96.0,60.0,12.0,17.0,1.0,13.75,1.56,53.0,7.0,7.0,5.0,14.68,1.0,4093.28,620.932578125,10.0,1.0,0.0,3.0,1.0,12.0,0.0,0.71,0.0,0.0,0
1.5743832397460935,4.0,7.0,3.0,0.0,0.0,15.48,4.59,10.0,7.0,94.0,0.0,15.0,10.0,5.0,21.75,2.59,71.0,9.0,13.0,2.0,19.7,0.0,4428.8,458.2990625,12.0,0.0,1.0,1.0,4.0,14.0,0.0,1.5,3.0,5.0,1
2.269447021484375,3.0,9.0,3.0,0.0,0.0,17.98,5.98,10.0,6.0,99.0,1.77,12.0,12.0,4.0,14.5,2.61,71.0,5.0,11.0,1.0,16.54,0.0,4340.32,537.3905859375,6.0,0.0,1.0,0.0,3.0,12.0,0.0,1.0,0.0,0.0,0
